"Include","Confidence","Name","Brand","Model","Category","Description","ImagePath","ImageUrl","SourcePage","ListingType","CallForPrice","Quantity","Status","Published","Featured","DisplayOrder","ExcludeReason"
"YES","83","(0082-0103)","Bil-Jax","","Other Equipment","Well Wheel | 10"", for use with Hoist Arm | -------------------------------------------------------------------------------- | Wt. 9.3 | ! | | | no picture available","","","https://billsequipment.mydomain.com/bil-jax.htm","product","YES","1","active","YES","NO","1110",""
"YES","83","Hoist Arm (0041-028)","Bil-Jax","","Other Equipment","no picture available | | | | Swivel Head | -------------------------------------------------------------------------------- | Wt. 29","","","https://billsequipment.mydomain.com/bil-jax.htm","product","YES","1","active","YES","NO","1120",""
"YES","85","Leveling Extention W/Retainer (0034-086) | 15"" Adjustment, fits 1-5/8""(#6) Tube Size","Bil-Jax","","Other Equipment","Wt. 11.5","images/bil-jax/0034_086.gif","https://billsequipment.mydomain.com/images/bil-jax/0034_086.gif","https://billsequipment.mydomain.com/bil-jax.htm","product","YES","1","active","YES","NO","1130",""
"YES","85","Leveling Jack (0032-096) | Swivel with 15"" Adj., fits 1-5/8""(#6) or 1-11/16""(#7)","Bil-Jax","","Other Equipment","Wt. 11.9","images/bil-jax/0032_096.gif","https://billsequipment.mydomain.com/images/bil-jax/0032_096.gif","https://billsequipment.mydomain.com/bil-jax.htm","product","YES","1","active","YES","NO","1140",""
"YES","90","Walkboard (0055-216)","Bil-Jax","","Other Equipment","19""W x 7'L, X-Tru-Lite, All Aluminum, Cap. 75 psf | -------------------------------------------------------------------------------- | Wt. 32","images/bil-jax/0055_216.gif","https://billsequipment.mydomain.com/images/bil-jax/0055_216.gif","https://billsequipment.mydomain.com/bil-jax.htm","product","YES","1","active","YES","NO","1150",""
"YES","90","ALR Models Remove","EDCO","","Other Equipment","ALR Models Features | Quick-change, hardened steel tool chuck accepts dozens of accessories | Available in heavy-duty steel or lightweight aluminum | Requires only 6-8 CFM at 80-90 PSI | | Tiles (vinyl, ceramic, quarry...), Carpeting, | Roofing materials, Fireproffing, Rubber coatings, Waterproofing, Linoleum, Insulation, Asbestos, Mastics, Paint buildup, Ice","images/edco/alr2.jpg","https://billsequipment.mydomain.com/images/edco/alr2.jpg","https://billsequipment.mydomain.com/edco.htm","product","YES","1","active","YES","NO","1160",""
"YES","90","Big Stick Removes","EDCO","","Other Equipment","Big Stick Features | *High-strength tubular handle and soft foam hand grips for operator comfort | *Extra large piston for harder hitting action | *Quick-change, hardened steel tool chuck accepts Big *Stick accessories | *Big Stick available in heavy-duty steel or lightweight aluminum | *Requires 12-15 CFM at 90 PSI | | Tiles (vinyl, ceramic, quarry...), Carpeting, Roofing, materials, Fireproffing, Rubber coatings, Waterproofing, Linoleum, Insulation, Asbestos, Mastics, Paint buildup, Ice","images/edco/bigstick.jpg","https://billsequipment.mydomain.com/images/edco/bigstick.jpg","https://billsequipment.mydomain.com/edco.htm","product","YES","1","active","YES","NO","1170",""
"YES","90","Ideal for","EDCO","","Other Equipment","Scabbler Features: | *Delivers 1,200 hits per minute for fast surface removal | *Requires only 160 CFM at 100 PSI | *Heavy-duty 1/4"" steel frame | *Wide T-Grip Handle and 8"" wheels for superior balance and handling | *3"" Vacuum Port for dust-free operation | *Automatic in-line oiler | *WHIPCHEK Cable assures safe air hose hookup | | *Removing spalling concrete | *Roughening surfaces for new overlayments | *Reducing high spots | *Creating wheelchair access ramps | *Removing epoxy | *Creating slip-resistant surfaces | *Texturing parking garage ramps | *Removing loose or deteriorated concrete | Performance | 5 Scabbler heads provide 11 1/2"" working width – Remove up to 250 square feet of concrete per hour","images/edco/cd5.jpg","https://billsequipment.mydomain.com/images/edco/cd5.jpg","https://billsequipment.mydomain.com/edco.htm","product","YES","1","active","YES","NO","1180",""
"YES","90","Performance","EDCO","","Other Equipment","Scarifier Features | *Up to 8"" working width (20 cm) | *Up to 1/8"" working depth per pass (3 mm) | *Power source over drum to eliminate vibration and maximize surface | *Compact design | *Front-mounted lifting handle makes loading and unloading easy | *Vacuum port equipped | *Water misting system standard | | Ideal for | *Sidewalk repair | *Coating removal | *Floor preparation or cleaning | *Creating nonslip surfaces | *Traffic line removal | | | *350-500 sq ft/hr - (33-46 sq m/hr) at a depth of 1/8"" (3 mm)","images/edco/cpm8.jpg","https://billsequipment.mydomain.com/images/edco/cpm8.jpg","https://billsequipment.mydomain.com/edco.htm","product","YES","1","active","YES","NO","1190",""
"YES","90","Silibide Pads are ideal for scrubbing","EDCO","","Other Equipment","*Concrete | *Stone | *Metal | *Brick | *Wood | *Tile floors","images/edco/silabide.jpg","https://billsequipment.mydomain.com/images/edco/silabide.jpg","https://billsequipment.mydomain.com/edco.htm","product","YES","1","active","YES","NO","1200",""
"YES","97","Gatorz has Equipment","Gatorz","has","Other Equipment","Demora is one of the newest and most innovative Gatorz designs. Made of the same light-weight, high-performance Aircraft Aluminum as all other Gatorz sunglasses, this model has a sporty angled lens shape that is great for racing around or riding your Hog. Very hot, yet very cool. Just ask winning CART racer Michael Andretti! | Gatorz Sunglasses are Carved out of Billet Metal Aircraft Grade Aluminum for the Strongest Frame Construction | | | Demora Series","images/gatorz/demora.gif","https://billsequipment.mydomain.com/images/gatorz/demora.gif","https://billsequipment.mydomain.com/gatorzglasses.htm","product","YES","1","active","YES","NO","1210",""
"YES","90","The Ultimate in Coolness","Gatorz","","Other Equipment","Radiator Series | ! | | The Gatorz Aircraft Billet Aluminum Radiator Sunglass style is fantastic for the person who wants extremely durable sunglasses and great wrap-around sun and wind protection. They fit very tightly to the face to keep the sunglasses on during activity while looking Bad to the Bone. Precision Tune to your individual face. The Radiator is ideal for Motorcycle riding and outdoor sports. #1 amongst Harley and Sport Bike riders | | Gatorz Sunglasses are Carved out of Billet Metal Aircraft Grade Aluminum for the Strongest Frame Construction. Superior Wind and Sun protection while riding or walking around town with a look that can't be beat. Rest assured with the Life-Time Rebuild Warranty. This Radiator is the #1 Style for Bikers.","images/gatorz/radiator.gif","https://billsequipment.mydomain.com/images/gatorz/radiator.gif","https://billsequipment.mydomain.com/gatorzglasses.htm","product","YES","1","active","YES","NO","1220",""
"YES","97","GS-3246","Genie","GS-3246","Other Equipment","Standard Features | *39 in (1 m) roll-out platform extension | *Proportional controls for lift and drive functions | *AC wiring to platform | *Multiple disc brakes provide smooth deceleration | *Manual platform lowering valve | *Tilt sensor with an audible alarm | *Pothole guards | *Emergency stop switches at both platform and ground controls | *Automatic 25 amp battery charger | *Manual brake release | *Non-marking tires | *Hour meter","images/genie/gs3246.jpg","https://billsequipment.mydomain.com/images/genie/gs3246.jpg","https://billsequipment.mydomain.com/genie.htm","product","YES","1","active","YES","NO","1230",""
"YES","97","EU1000","Honda","EU1000","Other Equipment","Honda’s advanced inverter technology makes these generators extremely quiet, lightweight, portable and fuel-efficient. Honda’s Inverter Technology creates ""clean"" or stable power – making these generators ideal for sensitive electronic equipment. Not to mention tailgating, camping and anywhere else in the great outdoors","images/honda/eu1000-150.gif","https://billsequipment.mydomain.com/images/honda/eu1000-150.gif","https://billsequipment.mydomain.com/honda.htm","product","YES","1","active","YES","NO","1240",""
"YES","90","Multi-Purpose Pump","Honda","","Other Equipment","The Honda is the choice when pumping of approved industrial and agriculture chemicals is required. This pump is equipped with EPDM seals and a rugged fiberglass reinforced polyester housing to ensure reliable operation while pumping approved chemicals.","images/honda/wmp20-150.gif","https://billsequipment.mydomain.com/images/honda/wmp20-150.gif","https://billsequipment.mydomain.com/honda.htm","product","YES","1","active","YES","NO","1250",""
"YES","97","SP210 Hand Held Sprayer","Honda","SP210","Other Equipment","Features | *Constructed of high-density, UV-protected polyethylene to resist most chemicals | *Viton®, chemically resistant seals | *Angled ""quick-fill"" lid | *Tethered lid helps prevent dirt from entering into the tank","images/honda/sp210.gif","https://billsequipment.mydomain.com/images/honda/sp210.gif","https://billsequipment.mydomain.com/honda.htm","product","YES","1","active","YES","NO","1260",""
"YES","97","SP300 Backpack Sprayer","Honda","SP300","Other Equipment","Features | *Constructed of high-density, UV-protected polyethylene to resist most chemicals | *Viton®, chemically resistant seals | *In-tank pumping system, minimizing leaks | *Deluxe padded shoulder straps","images/honda/sp300.gif","https://billsequipment.mydomain.com/images/honda/sp300.gif","https://billsequipment.mydomain.com/honda.htm","product","YES","1","active","YES","NO","1270",""
"YES","97","SP415 Backpack Sprayer","Honda","SP415","Other Equipment","Features | *Constructed of high-density, UV-protected polyethylene to resist most chemicals | *Viton®, chemically resistant seals | *In-tank pumping system, minimizing leaks | *Deluxe padded shoulder straps","images/honda/sp415.gif","https://billsequipment.mydomain.com/images/honda/sp415.gif","https://billsequipment.mydomain.com/honda.htm","product","YES","1","active","YES","NO","1280",""
"YES","78","15LD400 & 15LD440","Lombardini","","Other Equipment","15LD315","","","https://billsequipment.mydomain.com/lombardini.htm","product","YES","1","active","YES","NO","1290",""
"YES","97","DPC7301 - 14"" Power Cutter - 73cc.","Makita","DPC7301","Other Equipment","Tools of the Trade Magazine Names DPC7301 | Their Favorite Power Cutter | | Features | *2 mass dampening system provides significantly less vibration | *5 stage filtration system | *Smooth start decompression valve reduces the start up force required by 70% | *Electronic ignition | *Air inlet ports reduce noise by up to 40% | *Lighter weight than conventional powercuts | *Large volume exhaust system | *Central and lateral cutting positions for the cut-off wheel | *Pressure die-cast magnesium tool rest | *Quick action guard adjustment and belt tension | *Double insulated fuel tank | DPC7301 - 14""","images/makita/dpc731_m.gif","https://billsequipment.mydomain.com/images/makita/dpc731_m.gif","https://billsequipment.mydomain.com/makita.htm","product","YES","1","active","YES","NO","1300",""
"YES","97","GP 5500","MBW","GP5500","Other Equipment","The GP5500 Series of vibratory plates is a contractor favorite with its combination of superlative productivity and mechanical reliability. This versatile line features a self-cleaning plate and a one-piece exciter and base plate design.","images/mbw/gp5500.jpg","https://billsequipment.mydomain.com/images/mbw/gp5500.jpg","https://billsequipment.mydomain.com/mbw.htm","product","YES","1","active","YES","NO","1310",""
"YES","97","MC550/650 Curbilder™(Tack Down Curb Machine)","Miller","MC550/650","Other Equipment","Miller MC Curbilders™have offered unequaled performance and versatility for over 40 years.These simple and efficient machines continue to provide the most economical method available of placing free standing, high-density extruded curb from either concrete or asphalt. | Miller’s exclusive, interchangeable extrusion auger assemblies give each Curbilder the capability to extrude more shapes and sizes than any other machine, from a 3"" high speed bump to an 18"" barrier curb.Features like fully adjustable wheel assemblies and tie rod steering minimize site condition problems. | Other features reduce the skill level required to produce high quality curb.Included are an automatic centrifugal clutch, which guarantees smooth starts and proper auger rpm for optimum compaction, and a unique torque-sensing system that automatically disengages the machine’s drive in case of overload.Maintenance and clean-up are simplified through easy access and removal of all extrusion components -hopper, auger, housing and compaction tube. | A wide variety of optional equipment gives these machines the capability to meet the toughest specification work, including extruding reinforcing rod in the curb, extruding over pins, and extruding under existing guard rail. However, please us with your specific job requirements to ensure that a MC Series Curbilder is the correct machine for your job.","images/miller/mc550.gif","https://billsequipment.mydomain.com/images/miller/mc550.gif","https://billsequipment.mydomain.com/miller.htm","product","YES","1","active","YES","NO","1320",""
"YES","97","Scoot-Crete MTB 16 (Half-Track Power Buggie)","Miller","MTB16","Other Equipment","MTB16 with optional half tracks installed | Scoot-Crete MTB 16 | ! | | | Go where regular power buggies won’t go with Miller’s new Half-Track Power Buggy. No longer limited to hard compacted surfaces, the Half-Track can handle a variety of jobsite conditions including mud, sandy and loamy soil or wet grass. | The Half-Track features an optional four foot stake body bed that easily converts the power buggy to a tracked utility vehicle. With this conversion, the Half-Track can be used to transport a variety of materials, such as concrete forms, brick, block, sod and shrubbery around the jobsite. | The Half-Track comes standard with high torque hydraulic wheel motors that have twice the load rating of a standard motor and provide 32% more torque. | With the combination of the high torque drive motors and surface area provided by the tracks, the Half-Track climbs hills that conventional buggies can’t handle. | Miller’s Half-Track power buggies provide unmatched strength and structural integrity, excellent durability, and ideal weight distribution. With this new product, Miller redefines standards by which power buggies are judged.","images/miller/mtb16.gif","https://billsequipment.mydomain.com/images/miller/mtb16.gif","https://billsequipment.mydomain.com/miller.htm","product","YES","1","active","YES","NO","1330",""
"YES","97","Diamond Coring Rig with Small Base Stand, Vac-U-Rig® Kit, Meter Box and Diamond Coring Motor | (4115-22)","Milwaukee","4115-22","Other Equipment","This contractor series small base stand features a cast aluminum base with 4 leveling screws for fast accurate leveling adjustment. The durable precision-ground 2-1/2 in. steel column is 43-1/2 in. high and has a universal motor adapter plate. The reversible feed handle helps the operator use the unit from either side. Model 4115-22 comes with model 4096 coring motor, Vac-U-Rig® kit as well as a meter box. The Vac-U-Rig® assembly uses a vacuum pump to apply suction to a large pad mounted on the bottom of the rig. This aids in stability when coring holes.","images/milwaukee/4115-22.jpg","https://billsequipment.mydomain.com/images/milwaukee/4115-22.jpg","https://billsequipment.mydomain.com/milwaukee.htm","product","YES","1","active","YES","NO","1340",""
"YES","90","Dry Cutting Core Bits","NED Corp","","Other Equipment","NED-Bit Dry laser welded core bits are designed for drilling in brick and block with electric power tools. Laser welded segments give the NED-Bit Dry line the ability to also be used wet.","images/nedcorp/drybits.jpg","https://billsequipment.mydomain.com/images/nedcorp/drybits.jpg","https://billsequipment.mydomain.com/nedcorp.htm","product","YES","1","active","YES","NO","1350",""
"YES","90","Flexi-Lube","Oztec","","Other Equipment","Flexible Shafts | When transmitting power from the power source to the vibrating head, select one of Oztec's flexible shafts. Oztec Flexible Shaft inner cores are made from extra-high carbon steel wires with casings made from tough abrasion resistant neoprene rubber, reinforced with multiple layers of high tensile wire braiding with a hardened flat steel liner. | This construction makes Oztec Flexible Shafts rigid enough for driving into the stiffest concrete without kinking yet limber and non-slip for easy and effective handling. | Oztec Flexible Shafts are interchangeable on all Oztec power units, are reversible (doubling their service life), and come supplied with ""quick change"" adapters. | Quick Disconnect Feature | Oztec's ""Quick Disconnect"" feature, allows shaft removal from the power unit with the twist of a lever. The lightweight and bearing-less coupling allows the job to be done in seconds without any tools. This fitting will not rust or seize. | Standard lengths (in feet): 2, 5, 7, 10, 14, 16, 18 and 21. | Oztec Flexible Shafts can be coupled to 42 feet using shaft coupling #6725A1. | Oztec Shafts have been successfully coupled to 65 feet. Custom lengths are available. | Pencil Shafts for Pencil Head vibrators are available in 3, 6, 9, 15 and 20 foot lengths. | (Pencil Shafts cannot be coupled together, but can be lengthened, by coupling to a standard shaft with coupling P/N: 6725A1). | Flexible Shaft Adapters | Taking advantage of Oztec's quality doesn't mean a major reinvestment to replace all your existing equipment. Oztec Supplies motors, shafts and heads (steel only) that are interchangeable with most other makes. Oztec makes various style core and casing adapters which allow other manufacturers flexible shafts and heads to be used with Oztec motors or other motors with Oztec flexible shafts and heads. | Flexible shaft adapters for use with other manufacturers' equipment. | | | Specially formulated shaft lubricant designed to increase the performance | and life of any flexible shaft.","images/oztec/flexible_shafts.gif","https://billsequipment.mydomain.com/images/oztec/flexible_shafts.gif","https://billsequipment.mydomain.com/oztec.htm","product","YES","1","active","YES","NO","1360",""
"YES","97","Pressure-Pro B5540HAEA309 Equipment","Pressure-Pro","B5540HAEA309","Other Equipment","PRO MAX SERIES | On the Pro Max Series, uncompromising attention to detail and the ultimate in quality and reliability are it's trademarks. This series is designed for the discriminating buyer and utilizes the Gates polychain kevlar impregnated belt drive system. The Pro Max Series offers an unprecedented lifetime warranty on both the belt and the frame. They are available in cart or skid mount. We also offer custom models to your specifications in gas, diesel or electric. | ! | | | B5540HAEA309 - Polychain Belt Drive | w/electric start | | | B4040E3G-302 - Electric Belt Drive","images/pressure-pro/B5540HAEA309.gif","https://billsequipment.mydomain.com/images/pressure-pro/B5540HAEA309.gif","https://billsequipment.mydomain.com/pressure-pro.htm","product","YES","1","active","YES","NO","1370",""
"YES","97","Pressure-Pro DD4035HG300 Equipment","Pressure-Pro","DD4035HG300","Other Equipment","DD4035HG300 -- Direct Drive | | | DVB3540HA302 -- Belt Drive | Pro Series | The Pro Series is ideal for those who appreciate the quality, extra features, and options that are built-in to this expanded lineup. Designed for the Pro who understands the need for additional reliability to increase productivity. Available as a cart or optional skid mount, it has a lifetime frame warranty and is ready to work with all accessories.","images/pressure-pro/DD4035HG.gif","https://billsequipment.mydomain.com/images/pressure-pro/DD4035HG.gif","https://billsequipment.mydomain.com/pressure-pro.htm","product","YES","1","active","YES","NO","1380",""
"YES","97","Pressure-Pro EB4035G Equipment","Pressure-Pro","EB4035G","Other Equipment","EAGLE SERIES | The Eagle Series is our most popular series, offering superior quality, performance and features at a price that is competitive with discount store machines. It is suitable for most applications, has a lifetime frame warranty and comes complete with all accessories. | ! | | | EB4035G -- Belt Drive | | EE2015A -- Electric Direct Drive","images/pressure-pro/EB2035G.gif","https://billsequipment.mydomain.com/images/pressure-pro/EB2035G.gif","https://billsequipment.mydomain.com/pressure-pro.htm","product","YES","1","active","YES","NO","1390",""
"YES","97","Pressure-Pro HBSLP50 Equipment","Pressure-Pro","HBSLP50","Other Equipment","6012-10 - Super Skid 12 volt | | 3525EA-230 - Electric 115-230 volt | | | HBSLP50 - Stationary LP Gas | Hot Shot Series | Pressure-Pro offers one of the broadest lines of hot water pressure washers available. Standard models include: stationary, trailer mount, tank feed and many other configurations. Our ""Hot Box"" series allows most any cold water washer to be easily converted to hot in minutes. And of course, all models are quality constructed with the same ruggedness and reliability that we build into all our products.","images/pressure-pro/6012-10.gif","https://billsequipment.mydomain.com/images/pressure-pro/6012-10.gif","https://billsequipment.mydomain.com/pressure-pro.htm","product","YES","1","active","YES","NO","1400",""
"YES","97","Pressure-Pro SP2700RA Equipment","Pressure-Pro","SP2700RA","Other Equipment","SP2700RA | Semi-Pro Series | The Semi-Pro Series is our lowest cost line and has many of the professional features found in our most popular Eagle Series machines, including our unique aluminum frame that has no welds and a lifetime warranty. The Semi-Pro Series puts a premium on quality performance while keeping an eye on the budget.","images/pressure-pro/SP2700RA.gif","https://billsequipment.mydomain.com/images/pressure-pro/SP2700RA.gif","https://billsequipment.mydomain.com/pressure-pro.htm","product","YES","1","active","YES","NO","1410",""
"YES","97","RT-2210-20 | and | RT-2210-20K","RoboToolz","RT-2210-20","Other Equipment","Porter Cable RoboToolz Builder's Level is a sturdy and easy to use instrument for outdoor horizontal level and grade applications.","images/robotoolz/2210.gif","https://billsequipment.mydomain.com/images/robotoolz/2210.gif","https://billsequipment.mydomain.com/robotoolz.htm","product","YES","1","active","YES","NO","1420",""
"YES","97","RT-2350-20","RoboToolz","RT-2350-20","Other Equipment","The Transit Level is a sturdy and easy to use instrument for outdoor horizontal level, plumb and grade applications.","images/robotoolz/2350.gif","https://billsequipment.mydomain.com/images/robotoolz/2350.gif","https://billsequipment.mydomain.com/robotoolz.htm","product","YES","1","active","YES","NO","1430",""
"YES","97","RT-2710-22 / 26","RoboToolz","RT-2710-22","Other Equipment","The Automatic Level is a sturdy and easy to use instrument for outdoor horizontal level and grade applications.","images/robotoolz/2710.gif","https://billsequipment.mydomain.com/images/robotoolz/2710.gif","https://billsequipment.mydomain.com/robotoolz.htm","product","YES","1","active","YES","NO","1440",""
"YES","97","RT-3620-2","RoboToolz","RT-A1655","Other Equipment","This rotational laser with its three precision vials and leveling screws can be manually leveled to an accuracy of +/- 1/4"" @ 100' for both level and plumb applications. The split beam allows for interior and exterior squaring applications. The dot, adjustable line lengths (2 lengths) and three speed spin modes allow you to customize the beam length and visibility to your applications and ambient light conditions. The included Laser Detector (RT-A1655) enables detection of the laser beam up to 600' (diameter) even in bright sunlight.","images/robotoolz/3620.gif","https://billsequipment.mydomain.com/images/robotoolz/3620.gif","https://billsequipment.mydomain.com/robotoolz.htm","product","YES","1","active","YES","NO","1450",""
"YES","90","Twister","Spray Force","","Other Equipment","The Plus multi-purpose sprayer is designed for patching, touch-up work and small jobs. It is the perfect second machine. Its portable size and electric motor make it ideal for interior and high rise applications. Plugs into any standard 115 Volt, 20 amp. outlet. The features manually operated variable pump speed adjustment from .33 to 2.5 G.P.M. (based on water). This allows for precise control for various pumping requirements. Grouter has variable pump speed and No air. It is used for grouting tile or log home chinking. It will pump and spray drywall texture, acoustic, EIFS, grout, sand/cement slurries, fireproofing and many other highly viscous and abrasive materials. NOTE: The is limited on air for atomization requirements for some materials. For example, the will only spray a heavy knock-down drywwall texture. For a finer spray, air from another source must be used.","images/sprayforce/twister.gif","https://billsequipment.mydomain.com/images/sprayforce/twister.gif","https://billsequipment.mydomain.com/sprayforce.htm","product","YES","1","active","YES","NO","1460",""
"YES","97","TS 400 STIHL Cutquik® cut-off machine","STIHL","shown","Other Equipment","The TS 400 is a revolutionary concept from the number one name in cut-off machines worldwide. Features of the TS 400 are extremely long running times, a radical reduction in service intervals plus outstanding cutting performance. Available with either a 12"" or 14"" cutting wheel, the TS 400 offers many features that are exclusive to STIHL, including a semi-automatic belt tensioner and the ElastoStart™ shock-absorbing starter handle. | Note: Model shown with optional STIHL diamond cutting wheel.","images/stihl/ts400.gif","https://billsequipment.mydomain.com/images/stihl/ts400.gif","https://billsequipment.mydomain.com/stihl.htm","product","YES","1","active","YES","NO","1470",""
"YES","90","Asphalt/Soil (VP 1550AW)","Wacker","","Other Equipment","Value Vibratory Asphalt/Soil Plate, 15 kN, 50mm/19.5i | Application | For compaction of granular materials and mixed materials with some cohesive content, and hot or cold asphalt in confined areas such as parking lots, highway and bridge construction, next to structures, curbs, and abutments.","images/wacker/vp150aw.gif","https://billsequipment.mydomain.com/images/wacker/vp150aw.gif","https://billsequipment.mydomain.com/wacker.htm","product","YES","1","active","YES","NO","1480",""
"YES","90","BPU 2540A","Wacker","","Other Equipment","Reversible Vibratory Plate 25kN, 40cm/16in | Reliable vibratory plates offer maximum mobility | Versatile reversible plates ideal for compaction of interlocking paving stones, trenches, landscaping and maintenance. The only plates with a durable, integrated wheel set that provides for maximum built-in mobility. Single lever direction control provides for easy operation.","images/wacker/bpu2540a.gif","https://billsequipment.mydomain.com/images/wacker/bpu2540a.gif","https://billsequipment.mydomain.com/wacker.htm","product","YES","1","active","YES","NO","1490",""
"YES","90","PG 2","Wacker","","Other Equipment","2in Centrifugal Dewatering Pump | Centrifugal dewatering pumps are the value alternative for keeping jobsites dry | WACKER's PG dewatering pump series has been designed to handle the removal of relatively clean jobsite water. With its self-priming centrifugal pumping action and overall compact size, the pump is ideal for the contractor with the need for temporary water removal.","images/wacker/pg2.gif","https://billsequipment.mydomain.com/images/wacker/pg2.gif","https://billsequipment.mydomain.com/wacker.htm","product","YES","1","active","YES","NO","1500",""
"YES","90","Soil (WP 1550A)","Wacker","","Other Equipment","Vibratory Soil Plate, 15 kN, 50mm/19.5in | Application | Designed for compaction in confined areas of granular soil in narrow trenches. These plates are ideal for curbs, gutters, around tanks, forms, columns, footings, guard railings, drainage ditches, gas and sewer works and building construction.","images/wacker/wp1550a.gif","https://billsequipment.mydomain.com/images/wacker/wp1550a.gif","https://billsequipment.mydomain.com/wacker.htm","product","YES","1","active","YES","NO","1510",""
"YES","97","T09-A","William Henry","T09-A","Other Equipment","Style: Kestrel (locking liner) | Blade length: 2.125"" | Overall length: 5.0"" | Weight: 1.2 oz. | Blade: ATS 34 | Handle: Titanum / Amber Jigged Bone | Thumbstud: Stainless | Fittings: Stainless | Lanyard: Hidden lanyard pin | Carrying system: ClipCase","images/williamhenry/t09-a.jpg","https://billsequipment.mydomain.com/images/williamhenry/t09-a.jpg","https://billsequipment.mydomain.com/williamhenry.htm","product","YES","1","active","YES","NO","1520",""
"YES","97","T09-BT","William Henry","T09-BT","Other Equipment","Style: Kestrel (locking liner) | Blade length: 2.125"" | Overall length: 5.0"" | Weight: 0.8 oz. | Blade: ATS 34 w/Tungsten DLC coating | Handle: Carbon fiber | Thumbstud: 24K coated stainless | Fittings: Stainless | Lanyard: Lined lanyard sleeve | Carry system: Removable titanium clip","images/williamhenry/t09-bt.jpg","https://billsequipment.mydomain.com/images/williamhenry/t09-bt.jpg","https://billsequipment.mydomain.com/williamhenry.htm","product","YES","1","active","YES","NO","1530",""
"YES","97","T09-P","William Henry","T09-P","Other Equipment","Style: Kestrel (locking liner) | Blade length: 2.125"" | Overall length: 5.0"" | Weight: 1.4 oz. | Blade: ATS 34 | Handle: Mother of Pearl | Thumbstud: Stainless | Fittings: Stainless | Lanyard: Hidden lanyard pin | Carrying system: ClipCase","images/williamhenry/t09-p.jpg","https://billsequipment.mydomain.com/images/williamhenry/t09-p.jpg","https://billsequipment.mydomain.com/williamhenry.htm","product","YES","1","active","YES","NO","1540",""
"YES","97","T10-A","William Henry","T10-A","Other Equipment","Style: Lancet (locking liner) | Blade length: 2.625"" | Overall length: 6.125"" | Weight: 1.3 oz. | Blade: ATS 34 | Handle: Titanum / Amber Jigged Bone | Thumbstud: Stainless | Fittings: Stainless | Lanyard: Hidden lanyard pin | Carrying system: ClipCase","images/williamhenry/t10-a.jpg","https://billsequipment.mydomain.com/images/williamhenry/t10-a.jpg","https://billsequipment.mydomain.com/williamhenry.htm","product","YES","1","active","YES","NO","1550",""
"YES","97","T10-BT","William Henry","T10-BT","Other Equipment","Style: Lancet (locking liner) | Blade length: 2.625"" | Overall length: 6.125"" | Weight: 1.0 oz. | Blade: ATS 34 w/Tungsten DLC coating | Handle: Carbon fiber | Thumbstud: 24K coated stainless | Fittings: 24K coated stainless | Lanyard: Lined lanyard sleeve | Carrying system: Removable titanium clip","images/williamhenry/t10-bt.jpg","https://billsequipment.mydomain.com/images/williamhenry/t10-bt.jpg","https://billsequipment.mydomain.com/williamhenry.htm","product","YES","1","active","YES","NO","1560",""
"YES","97","T10P","William Henry","T10P","Other Equipment","Style: Lancet T10-P (locking liner) | Blade length: 2.625"" | Overall length: 6.0"" | Weight: 1.5 oz. | Blade: ATS 34 | Handle: Mother of Pearl | Thumbstud: Stainless | Fittings: Stainless | Lanyard: Hidden lanyard pin | Carrying system: ClipCase","images/williamhenry/t10-p.jpg","https://billsequipment.mydomain.com/images/williamhenry/t10-p.jpg","https://billsequipment.mydomain.com/williamhenry.htm","product","YES","1","active","YES","NO","1570",""
"YES","97","T12-A","William Henry","T12-A","Other Equipment","Style: Spearpoint (locking liner) | Blade length: 3.25"" | Overall length: 7.125"" | Weight: 2.0 oz. | Blade: ATS 34 | Handle: Titanum / Amber Jigged Bone | Thumbstud: Stainless | Fittings: Stainless | Lanyard: Hidden lanyard pin | Carrying system: ClipCase","images/williamhenry/t12-a.jpg","https://billsequipment.mydomain.com/images/williamhenry/t12-a.jpg","https://billsequipment.mydomain.com/williamhenry.htm","product","YES","1","active","YES","NO","1580",""
"YES","97","T12-BT","William Henry","T12-BT","Other Equipment","Style: Spearpoint (locking liner) | Blade length: 3.25"" | Overall length: 7.125"" | Weight: 1.6 oz. | Blade: ATS 34 w/Tungsten DLC coating | Handle: Carbon fiber | Thumbstud: 24K coated stainless | Fittings: 24K coated stainless | Lanyard: Lined lanyard sleeve | Carrying system: Removable titanium clip","images/williamhenry/t12-bt.jpg","https://billsequipment.mydomain.com/images/williamhenry/t12-bt.jpg","https://billsequipment.mydomain.com/williamhenry.htm","product","YES","1","active","YES","NO","1590",""
"YES","97","T12-P","William Henry","T12-P","Other Equipment","Style: Spearpoint (locking liner) | Blade length: 3.25"" | Overall length: 7.125"" | Weight: 2.4 oz. | Blade: ATS 34 | Handle: Mother of Pearl | Thumbstud: Stainless | Fittings: Stainless | Lanyard: Hidden lanyard pin | Carrying system: ClipCase","images/williamhenry/t12-p.jpg","https://billsequipment.mydomain.com/images/williamhenry/t12-p.jpg","https://billsequipment.mydomain.com/williamhenry.htm","product","YES","1","active","YES","NO","1600",""
"YES","84","M-Pact Fingerless Glove (Black)","","MMP-05","Safety Equipment","M-Pact Glove (Black) | | MMP-05 | ! | | | | | MFL-05","images/Mechanix/mmp-05.jpg","https://billsequipment.mydomain.com/images/Mechanix/mmp-05.jpg","https://billsequipment.mydomain.com/safetyequipment.htm","product","YES","1","active","YES","NO","1930",""
"YES","84","M-Pact Glove (Blue)","","MMP-02","Safety Equipment","M-Pact Glove (Red) | | MMP-02 | ! | | | | | | MMP-03","images/Mechanix/mmp-02.jpg","https://billsequipment.mydomain.com/images/Mechanix/mmp-02.jpg","https://billsequipment.mydomain.com/safetyequipment.htm","product","YES","1","active","YES","NO","1940",""
"YES","76","ProJax Utility Scaffold (0127-006-0) | Single Unit, 6'L x 6'H, Includes 2-29""W Frames, 2 Arm Braces, 1 Plywood Deck and 4 Casters","Bil-Jax","","Scaffolding","Wt. 147","images/bil-jax/0127_006_0.gif","https://billsequipment.mydomain.com/images/bil-jax/0127_006_0.gif","https://billsequipment.mydomain.com/bil-jax.htm | https://billsequipment.mydomain.com/scaffolding.htm","product","YES","1","active","YES","NO","2340",""
