"Name","Brand","Model","Category","ProductAction","ProductId","ImageAction","ImageUrl","Error"
"Lift, Telescopic Type, 30' Working Height, 300 lbs Capacity","Bil-Jax","","Aerial Lifts","inserted","715774ae-3ea0-4456-82c0-aee1518d6d5a","none","https://billsequipment.mydomain.com/images/bil-jax/xltcat23.gif","The remote server returned an error: (400) Bad Request."
"XLB-4232-HONDA GAS | Lift, Towable Boom Type, 42' Working Height, 300 lb Capacity","Bil-Jax","XLB-4232-HONDA","Aerial Lifts","inserted","6593868f-981d-4db8-ba87-27522d549996","none","https://billsequipment.mydomain.com/images/bil-jax/xlb4232.gif","The remote server returned an error: (400) Bad Request."
"XlB-4725A-HONDA | Lift, Towable Boom Type, 47' Working Height, 400 lb Capacity","Bil-Jax","","Aerial Lifts","inserted","1b0b703e-bef8-4f84-9b7a-36a3a579ebc9","none","https://billsequipment.mydomain.com/images/bil-jax/xlb4725.gif","The remote server returned an error: (400) Bad Request."
"Genie Material Lift","Genie","","Aerial Lifts","inserted","7e696780-01f0-4f24-b867-47d4a4d09be9","none","https://billsequipment.mydomain.com/images/genie/slc-24.jpg","The remote server returned an error: (400) Bad Request."
"GS-1930","Genie","GS-1930","Aerial Lifts","inserted","b704bde1-f32a-4315-b8c9-cabb0c20a01a","none","https://billsequipment.mydomain.com/images/genie/gs1930.jpg","The remote server returned an error: (400) Bad Request."
"GS-2032","Genie","GS-2032","Aerial Lifts","inserted","ca65d2ab-8071-4806-a1a6-1dcb29ab28f4","none","https://billsequipment.mydomain.com/images/genie/gs2032.jpg","The remote server returned an error: (400) Bad Request."
"GS-2632","Genie","GS-2632","Aerial Lifts","inserted","ed7c8f08-8d8f-4898-b625-629bc2038665","none","https://billsequipment.mydomain.com/images/genie/gs2632.jpg","The remote server returned an error: (400) Bad Request."
"GS-4390","Genie","GS-4390","Aerial Lifts","inserted","9d8a25f8-bad7-4400-8580-b9a0e976852b","none","https://billsequipment.mydomain.com/images/genie/gs4390.jpg","The remote server returned an error: (400) Bad Request."
"S-100","Genie","S-100","Aerial Lifts","failed","","none","https://billsequipment.mydomain.com/images/genie/s100.jpg","The remote server returned an error: (400) Bad Request."
"S-120","Genie","S-120","Aerial Lifts","failed","","none","https://billsequipment.mydomain.com/images/genie/s120.jpg","The remote server returned an error: (400) Bad Request."
"S-80","Genie","S-80","Aerial Lifts","failed","","none","https://billsequipment.mydomain.com/images/genie/s80.jpg","The remote server returned an error: (400) Bad Request."
"TZ-34/20","Genie","TZ-34/20","Aerial Lifts","inserted","840ce45a-c28c-4dab-a04d-8ab78a139e3c","none","https://billsequipment.mydomain.com/images/genie/tz34.jpg","The remote server returned an error: (400) Bad Request."
"Z-45/25 DC/Bi-Energy","Genie","Z-45/25","Aerial Lifts","failed","","none","https://billsequipment.mydomain.com/images/genie/z45.jpg","The remote server returned an error: (400) Bad Request."
"Z-60/34","Genie","Z-60/34","Aerial Lifts","failed","","none","https://billsequipment.mydomain.com/images/genie/z60.jpg","The remote server returned an error: (400) Bad Request."
"130 Portable Air Compressor","Sullair","","Air Compressors","inserted","c6f0ef13-d1f4-4d26-a7cf-6255d979b7fa","none","https://billsequipment.mydomain.com/images/sullair/md130.gif","The remote server returned an error: (400) Bad Request."
"1900 Portable Air Compressor","Sullair","","Air Compressors","inserted","7a19baea-7f5b-4c85-b839-d9149e5da82e","none","https://billsequipment.mydomain.com/images/sullair/md1900.jpg","The remote server returned an error: (400) Bad Request."
"Breaker Hammer Kit","Bosch","11304K","Air Compressors & Air Tools","inserted","bc77e454-c983-4839-9e87-e1217d5b8e9e","none","https://billsequipment.mydomain.com/images/bosch/11304K.jpg","The remote server returned an error: (400) Bad Request."
"Brute ™ Breaker Hammer","Bosch","11304","Air Compressors & Air Tools","inserted","0d6a2457-77cf-48c2-a4e7-5bead8a833a9","none","https://billsequipment.mydomain.com/images/bosch/11304_ACTION.jpg","The remote server returned an error: (400) Bad Request."
"1050 Portable Air Compressor","Sullair","","Air Compressors & Air Tools","inserted","d1d9036f-8009-4e89-8962-26184bbf80f0","none","https://billsequipment.mydomain.com/images/sullair/md1050.gif","The remote server returned an error: (400) Bad Request."
"125 Portable Air Compressor","Sullair","","Air Compressors & Air Tools","inserted","dd6061cb-1bca-4415-b08e-77a5aee6c60d","none","https://billsequipment.mydomain.com/images/sullair/md125.gif","The remote server returned an error: (400) Bad Request."
"1600 Portable Air Compressor","Sullair","","Air Compressors & Air Tools","inserted","18e43a94-55ae-4180-ac0c-aa32cde6f18d","none","https://billsequipment.mydomain.com/images/sullair/md1600.gif","The remote server returned an error: (400) Bad Request."
"185 Portable Air Compressor","Sullair","","Air Compressors & Air Tools","inserted","88317f10-50eb-45af-9f93-45326340d7b6","none","https://billsequipment.mydomain.com/images/sullair/md185.gif","The remote server returned an error: (400) Bad Request."
"375 Portable Air Compressor","Sullair","","Air Compressors & Air Tools","inserted","8d07ba49-93c2-433d-9473-c22d623f39f6","none","https://billsequipment.mydomain.com/images/sullair/md375.gif","The remote server returned an error: (400) Bad Request."
"750 Portable Air Compressor","Sullair","","Air Compressors & Air Tools","inserted","90f6e2e7-2e7c-490a-93ef-6d6ceb3439fe","none","https://billsequipment.mydomain.com/images/sullair/md750.gif","The remote server returned an error: (400) Bad Request."
"900 Portable Air Compressor","Sullair","","Air Compressors & Air Tools","inserted","153c18a9-6f45-4e55-acce-fc2288f04015","none","https://billsequipment.mydomain.com/images/sullair/md900.gif","The remote server returned an error: (400) Bad Request."
"Sullair Air Compressor","Sullair","","Air Compressors & Air Tools","inserted","efc1fb0f-44ac-4ba9-b65e-1cc3a540c156","no legacy image","",""
"Sullair Air Compressor","Sullair","","Air Compressors & Air Tools","skipped - matches existing product","efc1fb0f-44ac-4ba9-b65e-1cc3a540c156","not attempted","https://billsequipment.mydomain.com/images/sullair/tampers.gif",""
"1/2"" Hammer Drill","Bosch","1194AVSR","Compaction Equipment","failed","","none","https://billsequipment.mydomain.com/images/bosch/1194AVSR.jpg","The remote server returned an error: (400) Bad Request."
"1/2"" Hammer Drill with Carrying Case","Bosch","1194AVSRK","Compaction Equipment","failed","","none","https://billsequipment.mydomain.com/images/bosch/1194AVSRK.jpg","The remote server returned an error: (400) Bad Request."
"AP2000 Series","MBW","AP2000","Compaction Equipment","inserted","4c0cffce-484f-445c-9036-1ee232c04eda","none","https://billsequipment.mydomain.com/images/mbw/ap2000.jpg","The remote server returned an error: (400) Bad Request."
"GP3000","MBW","GP3000","Compaction Equipment","inserted","8d9abe1c-8fc3-41b3-a3ee-33596bec9998","none","https://billsequipment.mydomain.com/images/mbw/gp3000.jpg","The remote server returned an error: (400) Bad Request."
"Scoot-Crete MB11 (Walk-Behind Power Buggie)","Miller","MB11","Compaction Equipment","failed","","none","https://billsequipment.mydomain.com/images/miller/mb11.gif","The remote server returned an error: (400) Bad Request."
"MVC-88","Multiquip","MVC-88","Compaction Equipment","inserted","c42f3dd1-ee1e-4343-985f-be85df805d9f","none","https://billsequipment.mydomain.com/images/multiquip/Mvc88.gif","The remote server returned an error: (400) Bad Request."
"MVH-120","Multiquip","MVH-120","Compaction Equipment","inserted","d0f25694-bcb4-43e2-a4be-b6252128a32d","none","https://billsequipment.mydomain.com/images/multiquip/MVH-120.gif","The remote server returned an error: (400) Bad Request."
"MVH-R60","Multiquip","R60","Compaction Equipment","inserted","60186510-ef98-47a2-8718-2bb676691872","none","https://billsequipment.mydomain.com/images/multiquip/MVH-R60.gif","The remote server returned an error: (400) Bad Request."
"BS 50-2i | 280mm/11in Shoe, Oil-injected Vibratory Rammer","Wacker","","Compaction Equipment","inserted","240b91ed-1118-4c28-b165-a4c054ed3f30","none","https://billsequipment.mydomain.com/images/wacker/bs50.jpg","The remote server returned an error: (400) Bad Request."
"BS 52Y | Vibratory Rammer with 254mm/10in Shoe","Wacker","","Compaction Equipment","inserted","66ae8e25-0c00-4889-a2dc-cf0bd03c8e82","none","https://billsequipment.mydomain.com/images/wacker/bs52y.jpg","The remote server returned an error: (400) Bad Request."
"BS 60-2i | 280mm/11in Shoe, Oil-injected Vibratory Rammer","Wacker","","Compaction Equipment","inserted","b7d003c9-45b1-41bd-b561-782332c6eab4","none","https://billsequipment.mydomain.com/images/wacker/bs60.jpg","The remote server returned an error: (400) Bad Request."
"BS 70-2i | 330mm/13in Shoe, Oil-injected Vibratory Rammer","Wacker","","Compaction Equipment","inserted","2e415b77-517d-4238-9d39-adf47a662784","none","https://billsequipment.mydomain.com/images/wacker/bs70.jpg","The remote server returned an error: (400) Bad Request."
"Ideal for","EDCO","","Concrete Finishing","inserted","31c12f24-8d2d-4c3b-8b97-8ab0c2c32a8b","none","https://billsequipment.mydomain.com/images/edco/stones.jpg","The remote server returned an error: (400) Bad Request."
"Finishing Brooms | *","Kraft Tool","","Concrete Finishing","inserted","8f8e36af-e743-4591-a938-1490fe5b50a5","none","https://billsequipment.mydomain.com/images/kraft/con_finish_broom.gif","The remote server returned an error: (400) Bad Request."
"F-24, F-36/4, F-46/4, F-46/4 HD Models Available","MBW","F-24","Concrete Finishing","inserted","24d980d2-6da6-4c91-a6c3-8dbef454b9bb","none","https://billsequipment.mydomain.com/images/mbw/walkbehindpowertrowels.jpg","The remote server returned an error: (400) Bad Request."
"36"" HP-Series (HPLA-36-4-8H","Multiquip","HPLA-36-4-8H","Concrete Finishing","inserted","03d5810c-66e3-407d-81dd-40d11d606200","none","https://billsequipment.mydomain.com/images/multiquip/HP-serieswalktrowel.gif","The remote server returned an error: (400) Bad Request."
"48"" HD-series (HDA-48-4-11H)","Multiquip","HDA-48-4-11H","Concrete Finishing","inserted","3a7342ce-653f-4fbf-96e7-b6328a087127","none","https://billsequipment.mydomain.com/images/multiquip/HD-series.gif","The remote server returned an error: (400) Bad Request."
"Concrete mixer mod. S 380 - type S 95","Lino Sella","S360","Concrete Mixers","inserted","f06588b2-b55f-4b93-8797-cc0714742fd6","none","https://billsequipment.mydomain.com/images/linosella/s380_s95.jpg","The remote server returned an error: (400) Bad Request."
"Hydraulic Concrete mixer mod. Hopper","Lino Sella","","Concrete Mixers","inserted","228ee40d-3d09-4fe6-a4da-09a4378af7da","none","https://billsequipment.mydomain.com/images/linosella/hopper%20m1000.jpg","The remote server returned an error: (400) Bad Request."
"Hydraulic Concrete mixer mod. Hopper - S360","Lino Sella","S360","Concrete Mixers","skipped - matches existing product","f06588b2-b55f-4b93-8797-cc0714742fd6","not attempted","https://billsequipment.mydomain.com/images/linosella/hopper%20s360.jpg",""
"Hydraulic Concrete mixer mod. Hopper - S520","Lino Sella","S520","Concrete Mixers","inserted","5b0c4b5b-8a65-4f54-adb0-7762e54c7598","none","https://billsequipment.mydomain.com/images/linosella/hopper%20s520.jpg","The remote server returned an error: (400) Bad Request."
"Hydraulic Concrete mixer mod. Hopper - S750","Lino Sella","S750","Concrete Mixers","inserted","55b00743-f72a-4bc5-b76e-53a563bb6509","none","https://billsequipment.mydomain.com/images/linosella/hopper%20s750.jpg","The remote server returned an error: (400) Bad Request."
"MC1050","Miller","MC1050","Concrete Mixers","failed","","none","https://billsequipment.mydomain.com/images/miller/1050.gif","The remote server returned an error: (400) Bad Request."
"Concrete Mixer (MC-92S-H8","Multiquip","MC-92S-H8","Concrete Mixers","inserted","aa38ccfa-06df-42d8-bee4-10d0eb7ceabc","no legacy image","",""
"Aurora Piston Pump Machines Drywall","Spray Force","","Concrete Mixers","inserted","11d89910-c727-4fad-a576-a1c211140bcf","none","https://billsequipment.mydomain.com/images/sprayforce/aurora.gif","The remote server returned an error: (400) Bad Request."
"Hurricane 225 XR-1 and XR-2","Spray Force","","Concrete Mixers","inserted","b7b08d9b-e5ec-4b24-a45a-7d2df95135bf","none","https://billsequipment.mydomain.com/images/sprayforce/hurricane-225.gif","The remote server returned an error: (400) Bad Request."
"Concrete Mixer - 125cm Diesel","Stone","B78","Concrete Mixers","inserted","70c6c175-8400-43a6-af04-587ae193adba","none","https://billsequipment.mydomain.com/images/stonemixers/125cm.jpg","The remote server returned an error: (400) Bad Request."
"Concrete Mixer - 95cm Diesel","Stone","B78","Concrete Mixers","skipped - matches existing product","70c6c175-8400-43a6-af04-587ae193adba","not attempted","https://billsequipment.mydomain.com/images/stonemixers/95cm.jpg",""
"Mortar Mixer - 855pm Gas","Stone","B78","Concrete Mixers","skipped - matches existing product","70c6c175-8400-43a6-af04-587ae193adba","not attempted","https://billsequipment.mydomain.com/images/stonemixers/855pm.jpg",""
"Concrete Pump (C-30HDN)","Multiquip","C-30HDN","Concrete Pumps","inserted","d95c9075-5940-4fba-a4c1-bfb428475f37","none","https://billsequipment.mydomain.com/images/multiquip/c30hdn.jpg","The remote server returned an error: (400) Bad Request."
"Mid-Range Concrete Pump (LS-40)","Multiquip","LS-40","Concrete Pumps","failed","","none","https://billsequipment.mydomain.com/images/multiquip/ls-40.gif","The remote server returned an error: (400) Bad Request."
"The Shindaiwa EC7500","Honda","EC7600","Concrete Saws & Cutting","inserted","fb1aebb5-8673-478a-af4a-475dd7ac5926","none","https://billsequipment.mydomain.com/images/honda/EC7500.gif","The remote server returned an error: (400) Bad Request."
"MVC-90","Multiquip","MVC-90","Concrete Vibrators","inserted","26337a87-aa7d-44f0-92b5-0ad672c91259","none","https://billsequipment.mydomain.com/images/multiquip/MVC-90H.gif","The remote server returned an error: (400) Bad Request."
"Oztec Concrete Vibrator","Oztec","","Concrete Vibrators","inserted","c39fff57-e8a9-478a-8cfe-22d4abeea045","none","https://billsequipment.mydomain.com/images/oztec/e_power_chart.gif","The remote server returned an error: (400) Bad Request."
"Rubber Tips","Oztec","","Concrete Vibrators","failed","","none","https://billsequipment.mydomain.com/images/oztec/steelhead.gif","The remote server returned an error: (400) Bad Request."
"A3000 – Features and Benefits","Wacker","HMS","Concrete Vibrators","inserted","a71ee44d-ddc1-41b5-b7d4-470550539d40","none","https://billsequipment.mydomain.com/images/wacker/a3000.jpg","The remote server returned an error: (400) Bad Request."
"M1000 – Features and Benefits","Wacker","HMS","Concrete Vibrators","skipped - matches existing product","a71ee44d-ddc1-41b5-b7d4-470550539d40","not attempted","https://billsequipment.mydomain.com/images/wacker/m1000.jpg",""
"M2000 – Features and Benefits","Wacker","HMS","Concrete Vibrators","skipped - matches existing product","a71ee44d-ddc1-41b5-b7d4-470550539d40","not attempted","https://billsequipment.mydomain.com/images/wacker/m2000.jpg",""
"M3000 – Features and Benefits","Wacker","HMS","Concrete Vibrators","skipped - matches existing product","a71ee44d-ddc1-41b5-b7d4-470550539d40","not attempted","https://billsequipment.mydomain.com/images/wacker/m3000.jpg",""
"AH 231","Honda","WYL-26A","Engines","failed","","none","https://billsequipment.mydomain.com/images/honda/ah230.gif","The remote server returned an error: (400) Bad Request."
"GX160","Honda","GX160","Engines","failed","","none","https://billsequipment.mydomain.com/images/honda/GX160.gif","The remote server returned an error: (400) Bad Request."
"GX240","Honda","GX240","Engines","failed","","none","https://billsequipment.mydomain.com/images/honda/GX240.gif","The remote server returned an error: (400) Bad Request."
"GX340","Honda","GX340","Engines","inserted","5bdcb0b6-9b8e-40b1-97d8-79e6838c475b","none","https://billsequipment.mydomain.com/images/honda/GX390.gif","The remote server returned an error: (400) Bad Request."
"Honda Engine","Honda","","Engines","inserted","a5ecc390-16f0-4f46-8894-7c0a2b23f09c","none","https://billsequipment.mydomain.com/images/honda/prod_300S.gif","The remote server returned an error: (400) Bad Request."
"Honda Engine","Honda","","Engines","skipped - matches existing product","a5ecc390-16f0-4f46-8894-7c0a2b23f09c","not attempted","https://billsequipment.mydomain.com/images/honda/prod_757.gif",""
"Honda Engine","Honda","","Engines","skipped - matches existing product","a5ecc390-16f0-4f46-8894-7c0a2b23f09c","not attempted","https://billsequipment.mydomain.com/images/honda/prod_488.gif",""
"T350","Honda","T350","Engines","inserted","48e0ceb6-c4fe-4a61-9252-5ea00f357c1c","none","https://billsequipment.mydomain.com/images/honda/prod_T350.gif","The remote server returned an error: (400) Bad Request."
"The Shindaiwa 357","Honda","","Engines","inserted","ea4f0253-b4d3-4293-b088-051c7abfe479","none","https://billsequipment.mydomain.com/images/honda/357a.gif","The remote server returned an error: (400) Bad Request."
"The Shindaiwa 360","Honda","","Engines","inserted","f4bb1b35-fea4-4b6d-aa5a-80da4ab6650a","none","https://billsequipment.mydomain.com/images/honda/360a.gif","The remote server returned an error: (400) Bad Request."
"The Shindaiwa 377","Honda","","Engines","inserted","8b4f3d68-badb-4405-af72-36f4f5af6e87","none","https://billsequipment.mydomain.com/images/honda/377a.gif","The remote server returned an error: (400) Bad Request."
"The Shindaiwa T231","Honda","T231","Engines","inserted","77266259-ba3c-43aa-8aa3-d572d04f2df6","none","https://billsequipment.mydomain.com/images/honda/t231.gif","The remote server returned an error: (400) Bad Request."
"The Shindaiwa T261","Honda","T261","Engines","inserted","2deab8a9-11bd-4c03-9985-90a02db5ee2f","none","https://billsequipment.mydomain.com/images/honda/T261.gif","The remote server returned an error: (400) Bad Request."
"The Shindaiwa T272X","Honda","T272X","Engines","inserted","e4e26aab-67e1-452e-b565-f247f2277c54","none","https://billsequipment.mydomain.com/images/honda/T272X-Model-view-A.gif","The remote server returned an error: (400) Bad Request."
"Scoot-Crete MB16/21","Miller","MB16/21","Engines","inserted","845d2855-1377-46d4-8086-c3f790763209","none","https://billsequipment.mydomain.com/images/miller/mb16.gif","The remote server returned an error: (400) Bad Request."
"Performance Classes 40 & 60","STIHL","","Engines","failed","","none","https://billsequipment.mydomain.com/images/stihl/diamondwheels.gif","The remote server returned an error: (400) Bad Request."
"STIHL Engine","STIHL","","Engines","failed","","none","https://billsequipment.mydomain.com/images/stihl/ts700.jpg","The remote server returned an error: (400) Bad Request."
"STIHL shown Engine","STIHL","shown","Engines","failed","","none","https://billsequipment.mydomain.com/images/stihl/ts760.gif","The remote server returned an error: (400) Bad Request."
"TS 420 STIHL Cutquik® Professional Cut-Off Machine","STIHL","","Engines","failed","","none","https://billsequipment.mydomain.com/images/stihl/ts420.jpg","The remote server returned an error: (400) Bad Request."
"BH 23 – Features and Benefits","Wacker","","Engines","inserted","73196e50-ec75-424e-8548-f329da4c4445","none","https://billsequipment.mydomain.com/images/wacker/bh23.jpg","The remote server returned an error: (400) Bad Request."
"BTS 1030 – Features and Benefits","Wacker","","Engines","inserted","695e2a95-b691-4fe1-8b3a-f368ddd36850","none","https://billsequipment.mydomain.com/images/wacker/bts1030.jpg","The remote server returned an error: (400) Bad Request."
"Wacker Engine","Wacker","","Engines","inserted","436877c7-f41e-4807-84ad-a872b616d0aa","none","https://billsequipment.mydomain.com/images/wacker/bts%20930.jpg","The remote server returned an error: (400) Bad Request."
"Wacker Engine","Wacker","","Engines","skipped - matches existing product","436877c7-f41e-4807-84ad-a872b616d0aa","not attempted","https://billsequipment.mydomain.com/images/wacker/eh27.jpg",""
"EG2500","Honda","EG2500","Generators","inserted","3c54cddc-b13f-43cd-8920-9ac57c7e1a29","none","https://billsequipment.mydomain.com/images/honda/eg2500-150.gif","The remote server returned an error: (400) Bad Request."
"Yamaha EF1000","Honda","EF1000","Generators","inserted","dc5cf45c-a695-454d-992d-fabd84bfc1f6","none","https://billsequipment.mydomain.com/images/honda/ef1000.gif","The remote server returned an error: (400) Bad Request."
"Yamaha EF12000DE","Honda","EF12000DE","Generators","inserted","b6b4e2e1-73e7-4090-93fc-f5183731640f","none","https://billsequipment.mydomain.com/images/honda/ef12000.gif","The remote server returned an error: (400) Bad Request."
"Yamaha EF4600DE","Honda","EF4600DE","Generators","inserted","a4c49c32-6eaf-45a3-bfa3-80384394322a","none","https://billsequipment.mydomain.com/images/honda/ef4600.gif","The remote server returned an error: (400) Bad Request."
"Yamaha EF6600DE","Honda","EF6600DE","Generators","inserted","e7b53ab5-a1e8-4aae-84c5-4a7a6299a752","none","https://billsequipment.mydomain.com/images/honda/ef6600.gif","The remote server returned an error: (400) Bad Request."
"BLW-400SS","Multiquip","BLW-400SS","Generators","inserted","3108640e-07c0-4b51-9dc9-25de064f4a31","none","https://billsequipment.mydomain.com/images/multiquip/BLW-400SSW.gif","The remote server returned an error: (400) Bad Request."
"GLW-180H","Multiquip","GLW-180H","Generators","inserted","4e80298d-d0fd-42de-a961-a7b5fd4ce268","none","https://billsequipment.mydomain.com/images/multiquip/glw180.gif","The remote server returned an error: (400) Bad Request."
"SDW-225SS","Multiquip","SDW-225SS","Generators","inserted","4e096819-4e85-4c09-9f0b-2dd0165644c7","none","https://billsequipment.mydomain.com/images/multiquip/SDW225ss1.gif","The remote server returned an error: (400) Bad Request."
"TLW-300SS","Multiquip","TLW-300SS","Generators","inserted","d9760f7f-eeba-4bfa-8fc8-5aa31808cadd","none","https://billsequipment.mydomain.com/images/multiquip/TLW-300SS.gif","The remote server returned an error: (400) Bad Request."
"G 2.5A","Wacker","","Generators","inserted","69a6fdd1-9971-47e5-b963-b9c1a3997c9d","none","https://billsequipment.mydomain.com/images/wacker/g25.gif","The remote server returned an error: (400) Bad Request."
"G 25","Wacker","","Generators","inserted","2176c934-2789-4351-869f-e4f6e094449b","none","https://billsequipment.mydomain.com/images/wacker/g25mobile.gif","The remote server returned an error: (400) Bad Request."
"Wacker Generator","Wacker","","Generators","inserted","d10ff3aa-a848-4897-a4e4-cd00fa5195c7","none","https://billsequipment.mydomain.com/images/wacker/g50mobile.gif","The remote server returned an error: (400) Bad Request."
"Wacker Generator","Wacker","","Generators","skipped - matches existing product","d10ff3aa-a848-4897-a4e4-cd00fa5195c7","not attempted","https://billsequipment.mydomain.com/images/wacker/g56.gif",""
"Ideal for","EDCO","","Mortar & Plaster Equipment","skipped - matches existing product","31c12f24-8d2d-4c3b-8b97-8ab0c2c32a8b","not attempted","https://billsequipment.mydomain.com/images/edco/scarifierassemblies.jpg",""
"Ideal for","EDCO","","Mortar & Plaster Equipment","skipped - matches existing product","31c12f24-8d2d-4c3b-8b97-8ab0c2c32a8b","not attempted","https://billsequipment.mydomain.com/images/edco/surfacerdisc.jpg",""
"M-60, M-80, M-90, M120/121 | Models Available","MBW","M-60","Mortar & Plaster Equipment","failed","","none","https://billsequipment.mydomain.com/images/mbw/mixer_a.jpg","The remote server returned an error: (400) Bad Request."
"Mayco Plaster/Mortar/Fireproofing (MG-30)","Multiquip","MG-30","Mortar & Plaster Equipment","inserted","b8ee00cf-cf1c-4b77-83b8-8206d0ab0e65","none","https://billsequipment.mydomain.com/images/multiquip/mg30.gif","The remote server returned an error: (400) Bad Request."
"Plaster/Mortar Mixer (EM-120SM-E51)","Multiquip","EM-120SM-E51","Mortar & Plaster Equipment","inserted","12b9dff2-a928-4445-a60f-de884db76c94","none","https://billsequipment.mydomain.com/images/multiquip/em-120s.gif","The remote server returned an error: (400) Bad Request."
"Cyclone 488 XR","Spray Force","","Mortar & Plaster Equipment","inserted","c7ddc583-af7c-41dd-ad49-7f4a0713822a","none","https://billsequipment.mydomain.com/images/sprayforce/cyclone-488-xr-hopper-3.jpg","The remote server returned an error: (400) Bad Request."
"Spray Force Engine","Spray Force","","Mortar & Plaster Equipment","inserted","674fc5af-6456-4baa-8684-56deff61edae","none","https://billsequipment.mydomain.com/images/sprayforce/texan.gif","The remote server returned an error: (400) Bad Request."
"Mortar Mixer - 1285pm Gas","Stone","B78","Mortar & Plaster Equipment","skipped - matches existing product","70c6c175-8400-43a6-af04-587ae193adba","not attempted","https://billsequipment.mydomain.com/images/stonemixers/1285pm.jpg",""
"1/2"" High-Speed Drill","Bosch","1033VSR","Power Tools","failed","","none","https://billsequipment.mydomain.com/images/bosch/1033VSR.jpg","The remote server returned an error: (400) Bad Request."
"1/2"" High-Torque Drill","Bosch","1034VSR","Power Tools","failed","","none","https://billsequipment.mydomain.com/images/bosch/1034VSR.jpg","The remote server returned an error: (400) Bad Request."
"1-9/16"" Spline Combination Hammer","Bosch","11248EVS","Power Tools","failed","","none","https://billsequipment.mydomain.com/images/bosch/11248EVS.jpg","The remote server returned an error: (400) Bad Request."
"7"" Large Angle Grinder","Bosch","1752G7","Power Tools","inserted","b423bffa-5975-4e50-9e59-79f0402870e1","none","https://billsequipment.mydomain.com/images/bosch/1752G7_01.jpg","The remote server returned an error: (400) Bad Request."
"9"" Large Angle Grinder","Bosch","1754G","Power Tools","inserted","16f1df8c-3ec9-4ce2-bf4b-1c1ecb0911e1","none","https://billsequipment.mydomain.com/images/bosch/1754G_01.jpg","The remote server returned an error: (400) Bad Request."
"SDS-max® Demolition Hammer","Bosch","11318EVS","Power Tools","failed","","none","https://billsequipment.mydomain.com/images/bosch/11318EVS.jpg","The remote server returned an error: (400) Bad Request."
"SDS-max® Demolition Hammer","Bosch","11316EVS","Power Tools","failed","","none","https://billsequipment.mydomain.com/images/bosch/11316EVS.jpg","The remote server returned an error: (400) Bad Request."
"Ideal for","EDCO","","Power Tools","skipped - matches existing product","31c12f24-8d2d-4c3b-8b97-8ab0c2c32a8b","not attempted","https://billsequipment.mydomain.com/images/edco/2gc.jpg",""
"9069 - 9"" Angle Grinder","Makita","","Power Tools","failed","","none","https://billsequipment.mydomain.com/images/makita/9069_m.gif","The remote server returned an error: (400) Bad Request."
"9527NB - 4-1/2"" Angle Grinder","Makita","","Power Tools","inserted","c692b213-1777-415c-afdb-61f47bea81e5","none","https://billsequipment.mydomain.com/images/makita/9527nb_m.gif","The remote server returned an error: (400) Bad Request."
"HP2010N - 3/4"" Hammer Drill (2-Speed, Variable Speed, Reversible)","Makita","HP2010N","Power Tools","inserted","2330d1b9-dbe4-4cde-b35b-74a8d464b120","none","https://billsequipment.mydomain.com/images/makita/hp2010n_m.gif","The remote server returned an error: (400) Bad Request."
"HR3851 - 1-1/2"" Rotary Hammer (Spline, AC/DC)","Makita","HR3851","Power Tools","inserted","24bb5f95-8534-4ca9-b90c-c570e5dcebf9","none","https://billsequipment.mydomain.com/images/makita/hr3851_m.gif","The remote server returned an error: (400) Bad Request."
"HR5000 - 2"" Rotary Hammer (Spline, AC/DC)","Makita","HR5000","Power Tools","failed","","none","https://billsequipment.mydomain.com/images/makita/hr5000_m.gif","The remote server returned an error: (400) Bad Request."
"11 Amp Orbital Action Super Sawzall | (6521-21)","Milwaukee","","Power Tools","failed","","none","https://billsequipment.mydomain.com/images/milwaukee/6521-21.jpg","The remote server returned an error: (400) Bad Request."
"4-1/2 in. Sander/Grinder (6140-6)","Milwaukee","","Power Tools","inserted","b536d196-c399-4537-9799-3d9d6610615d","none","https://billsequipment.mydomain.com/images/milwaukee/6140-6.jpg","The remote server returned an error: (400) Bad Request."
"5 in. Sander/Grinder","Milwaukee","","Power Tools","inserted","6185716e-a36d-4295-9bdb-07060a312408","none","https://billsequipment.mydomain.com/images/milwaukee/6141.jpg","The remote server returned an error: (400) Bad Request."
"Adjustable Position Electromagnetic Drill Press with No. 3 MT Motor | (4208-1)","Milwaukee","","Power Tools","inserted","0c5cef8a-5343-4940-948f-2add1134522b","none","https://billsequipment.mydomain.com/images/milwaukee/4208-1.jpg","The remote server returned an error: (400) Bad Request."
"Adjustable Position Electromagnetic Drill Press with No. 3 MT Motor | (4209-1)","Milwaukee","","Power Tools","inserted","2c3d0932-24e7-4304-bb97-fd21297000d2","none","https://billsequipment.mydomain.com/images/milwaukee/4209-1.jpg","The remote server returned an error: (400) Bad Request."
"Fixed Position Electromagnetic Drill Press with 3/4 in. Motor | (4210-1)","Milwaukee","","Power Tools","inserted","1978643c-b8df-4579-ad3e-7446ebe4531b","none","https://billsequipment.mydomain.com/images/milwaukee/4210-1.jpg","The remote server returned an error: (400) Bad Request."
"Milwaukee 10 Amp Sawzall® Reciprocating Saw w/Case (6509-21)","Milwaukee","","Power Tools","failed","","none","https://billsequipment.mydomain.com/images/milwaukee/6509-22.jpg","The remote server returned an error: (400) Bad Request."
"MODEL-2001","NED Corp","2001","Power Tools","inserted","cd8aa32f-d1f2-405e-9320-49e076b3847c","none","https://billsequipment.mydomain.com/images/nedcorp/drillrig_2001.jpg","The remote server returned an error: (400) Bad Request."
"MODEL-3001","NED Corp","3001","Power Tools","inserted","c22c424d-7316-43c4-90d6-62d0f9c136e0","none","https://billsequipment.mydomain.com/images/nedcorp/drillrig_3001.jpg","The remote server returned an error: (400) Bad Request."
"MODEL-4001","NED Corp","MODEL-4001","Power Tools","inserted","789afb77-b744-460d-9c0d-79cf647adc8d","none","https://billsequipment.mydomain.com/images/nedcorp/hhdrill_2.jpg","The remote server returned an error: (400) Bad Request."
"MODEL-5001","NED Corp","MODEL-5001","Power Tools","inserted","c217f47e-0fef-4824-a44f-2a265e76bfa8","none","https://billsequipment.mydomain.com/images/nedcorp/5001-2.jpg","The remote server returned an error: (400) Bad Request."
"The Saw Devil - CS1","Stone","","Power Tools","inserted","a8c3f4ab-2d87-42f8-a435-2822c14b3dbe","none","https://billsequipment.mydomain.com/images/stonemixers/cs1.jpg","The remote server returned an error: (400) Bad Request."
"The Saw Devil - CS2","Stone","","Power Tools","inserted","d9ca7d45-7e38-4ac9-b605-2a1a84d40b42","none","https://billsequipment.mydomain.com/images/stonemixers/cs2.jpg","The remote server returned an error: (400) Bad Request."
"Bender (MB-25HD","Multiquip","MB-25HD","Rebar Cutters/Benders","inserted","deeaffa4-bc51-4a61-8af4-ed11eccb1811","none","https://billsequipment.mydomain.com/images/multiquip/MB-25HD.gif","The remote server returned an error: (400) Bad Request."
"Cutter (BC-25","Multiquip","BC-25","Rebar Cutters/Benders","inserted","1de7d594-5ee6-4a5a-bf6f-11bc5203460b","none","https://billsequipment.mydomain.com/images/multiquip/BC-25.gif","The remote server returned an error: (400) Bad Request."
"HBC-series Cutter (HBC-19)","Multiquip","HBC-19","Rebar Cutters/Benders","inserted","6f691bae-a783-4458-9450-812aec7af4d2","none","https://billsequipment.mydomain.com/images/multiquip/Hbc-19.gif","The remote server returned an error: (400) Bad Request."
"RD 25","Wacker","","Rollers","inserted","1d95e893-3e82-4006-b5fc-df7c7506ef47","none","https://billsequipment.mydomain.com/images/wacker/rd25.gif","The remote server returned an error: (400) Bad Request."
"Wacker Roller","Wacker","","Rollers","inserted","94cff075-b152-4035-b666-3840f7734b4a","none","https://billsequipment.mydomain.com/images/wacker/rd11a.gif","The remote server returned an error: (400) Bad Request."
"Wacker Roller","Wacker","","Rollers","skipped - matches existing product","94cff075-b152-4035-b666-3840f7734b4a","not attempted","https://billsequipment.mydomain.com/images/wacker/rd7h.gif",""
"Americana 4-point Suspension | Meets ANSI z89.1, Type 1, Class C, E and G Requirements","ERB Safety","Z107","Safety Equipment","inserted","575dc4b6-35a4-4cbb-aae4-53319c15c1d4","none","https://billsequipment.mydomain.com/images/ERB/ERB%20hats%201.jpg","The remote server returned an error: (400) Bad Request."
"Economy - Class 2 (S363)","ERB Safety","S363","Safety Equipment","inserted","0156be98-856c-48f6-b465-9b26f1ef6511","none","https://billsequipment.mydomain.com/images/ERB/ERB%20vests_Economy%20-%20Class%202%20S362.jpg","The remote server returned an error: (400) Bad Request."
"Economy - Class 2 (S368)","ERB Safety","S368","Safety Equipment","inserted","c481f2aa-3639-4d8d-ab49-036ccc1714f7","none","https://billsequipment.mydomain.com/images/ERB/ERB%20vests_Economy%20-%20Class%202%20S388.jpg","The remote server returned an error: (400) Bad Request."
"ERB Safety Safety Glasses","ERB Safety","","Safety Equipment","inserted","9ac5a3dc-a942-4760-a717-5cca47562dc6","none","https://billsequipment.mydomain.com/images/ERB/ERB%20glasses%2011.jpg","The remote server returned an error: (400) Bad Request."
"ERB Safety Safety Glasses","ERB Safety","","Safety Equipment","skipped - matches existing product","9ac5a3dc-a942-4760-a717-5cca47562dc6","not attempted","https://billsequipment.mydomain.com/images/ERB/ERB%20glasses%204.jpg",""
"ERB Safety Safety Glasses","ERB Safety","","Safety Equipment","skipped - matches existing product","9ac5a3dc-a942-4760-a717-5cca47562dc6","not attempted","https://billsequipment.mydomain.com/images/ERB/ERB%20glasses%206.jpg",""
"ERB Safety Safety Glasses","ERB Safety","","Safety Equipment","skipped - matches existing product","9ac5a3dc-a942-4760-a717-5cca47562dc6","not attempted","https://billsequipment.mydomain.com/images/ERB/ERB%20glasses%205.jpg",""
"ERB Safety Safety Glasses","ERB Safety","","Safety Equipment","skipped - matches existing product","9ac5a3dc-a942-4760-a717-5cca47562dc6","not attempted","https://billsequipment.mydomain.com/images/ERB/ERB%20glasses%209.jpg",""
"ERB Safety Safety Glasses","ERB Safety","","Safety Equipment","skipped - matches existing product","9ac5a3dc-a942-4760-a717-5cca47562dc6","not attempted","https://billsequipment.mydomain.com/images/ERB/ERB%20glasses%208.jpg",""
"ERB Safety Safety Glasses","ERB Safety","","Safety Equipment","skipped - matches existing product","9ac5a3dc-a942-4760-a717-5cca47562dc6","not attempted","https://billsequipment.mydomain.com/images/ERB/ERB%20glasses%203.jpg",""
"ERB Safety Safety Glasses","ERB Safety","","Safety Equipment","skipped - matches existing product","9ac5a3dc-a942-4760-a717-5cca47562dc6","not attempted","https://billsequipment.mydomain.com/images/ERB/ERB%20glasses%2010.jpg",""
"ERB Safety Safety Glasses","ERB Safety","","Safety Equipment","skipped - matches existing product","9ac5a3dc-a942-4760-a717-5cca47562dc6","not attempted","https://billsequipment.mydomain.com/images/ERB/ERB%20glasses%207.jpg",""
"ERB Safety Safety Glasses","ERB Safety","","Safety Equipment","skipped - matches existing product","9ac5a3dc-a942-4760-a717-5cca47562dc6","not attempted","https://billsequipment.mydomain.com/images/ERB/ERB%20glasses%202.jpg",""
"ERB Safety Safety Glasses","ERB Safety","","Safety Equipment","skipped - matches existing product","9ac5a3dc-a942-4760-a717-5cca47562dc6","not attempted","https://billsequipment.mydomain.com/images/ERB/ERB%20glasses%201.jpg",""
"Hi-Viz Rain Wear - Class 3 (S371)","ERB Safety","S371","Safety Equipment","inserted","14f6c2c1-7536-4813-ab69-9d09d046d349","none","https://billsequipment.mydomain.com/images/ERB/ERB%20Hi-Viz%20Rain%20Wear%20-%20Class%203%20-%20S371.jpg","The remote server returned an error: (400) Bad Request."
"Hi-Viz Rain Wear - Class 3 (S373PT)","ERB Safety","S373PT","Safety Equipment","inserted","bc81a5b7-9bc0-4a3f-b08e-67586d2ce22b","none","https://billsequipment.mydomain.com/images/ERB/ERB%20Hi-Viz%20Rain%20Wear%20-%20Class%203%20-%20S373.jpg","The remote server returned an error: (400) Bad Request."
"Jackets - Class 3 (S374)","ERB Safety","S374","Safety Equipment","inserted","8b7348af-133c-413e-a513-004bae307e96","none","https://billsequipment.mydomain.com/images/ERB/ERB%20Jackets%20-%20Class%203%20-%20S372.jpg","The remote server returned an error: (400) Bad Request."
"Most Popular Mesh - Class 2 (S15Z)","ERB Safety","S15Z","Safety Equipment","inserted","30b213e2-f8d4-498e-b52b-4ee00c4ed223","none","https://billsequipment.mydomain.com/images/ERB/ERB%20vests_Most%20Popular%20Mesh%20-%20Class%202%20S15.jpg","The remote server returned an error: (400) Bad Request."
"Omega II 6-point Suspension | Meets ANSI z89.1, Type 1, Class C, E and G Requirements","ERB Safety","Z107","Safety Equipment","skipped - matches existing product","575dc4b6-35a4-4cbb-aae4-53319c15c1d4","not attempted","https://billsequipment.mydomain.com/images/ERB/ERB%20hats%202.jpg",""
"Gemtor Safety Harness","Gemtor","","Safety Equipment","inserted","c3e2f409-2241-4893-9301-53c4585a2774","none","https://billsequipment.mydomain.com/images/gemtor/859.gif","The remote server returned an error: (400) Bad Request."
"Gemtor Safety Harness","Gemtor","","Safety Equipment","skipped - matches existing product","c3e2f409-2241-4893-9301-53c4585a2774","not attempted","https://billsequipment.mydomain.com/images/gemtor/933.gif",""
"Gemtor Safety Harness","Gemtor","","Safety Equipment","skipped - matches existing product","c3e2f409-2241-4893-9301-53c4585a2774","not attempted","https://billsequipment.mydomain.com/images/gemtor/922.gif",""
"Gemtor Safety Harness","Gemtor","","Safety Equipment","skipped - matches existing product","c3e2f409-2241-4893-9301-53c4585a2774","not attempted","https://billsequipment.mydomain.com/images/gemtor/900.gif",""
"Gemtor Safety Harness","Gemtor","","Safety Equipment","skipped - matches existing product","c3e2f409-2241-4893-9301-53c4585a2774","not attempted","https://billsequipment.mydomain.com/images/gemtor/932.gif",""
"Gemtor SRL-30 Equipment","Gemtor","SRL-30","Safety Equipment","inserted","4bf0c8fa-d986-43aa-a695-3e163da82543","none","https://billsequipment.mydomain.com/images/gemtor/srl.gif","The remote server returned an error: (400) Bad Request."
"Gemtor SWL-11 Equipment","Gemtor","SWL-11","Safety Equipment","inserted","0a868ec5-ee9f-48c1-bf58-f2455ece41e9","none","https://billsequipment.mydomain.com/images/gemtor/SWL.gif","The remote server returned an error: (400) Bad Request."
"Model # 955H (shown)","Gemtor","","Safety Equipment","inserted","4b8f5cc9-27e3-44b8-92e8-af4cbcfb96a4","none","https://billsequipment.mydomain.com/images/gemtor/955h.gif","The remote server returned an error: (400) Bad Request."
"Model # SP1101EL6","Gemtor","SP1101EL6","Safety Equipment","failed","","none","https://billsequipment.mydomain.com/images/gemtor/sl1101el_nb.gif","The remote server returned an error: (400) Bad Request."
"Model # SP1101L","Gemtor","SP1101L","Safety Equipment","inserted","eb5f9d83-01a7-41c0-8c0b-cf764b9e848c","none","https://billsequipment.mydomain.com/images/gemtor/sp1101l_nb.gif","The remote server returned an error: (400) Bad Request."
"Model # SP202L","Gemtor","SP202L","Safety Equipment","failed","","none","https://billsequipment.mydomain.com/images/gemtor/sp202l_nb.gif","The remote server returned an error: (400) Bad Request."
"Model # SP2215L","Gemtor","SP2215L","Safety Equipment","failed","","none","https://billsequipment.mydomain.com/images/gemtor/sp2215l_nb.gif","The remote server returned an error: (400) Bad Request."
"Model # VF505","Gemtor","VF505","Safety Equipment","inserted","94172f7d-3641-43c8-906d-d320d735ce95","none","https://billsequipment.mydomain.com/images/gemtor/VF505.jpg","The remote server returned an error: (400) Bad Request."
"Model # VW655","Gemtor","VW655","Safety Equipment","inserted","bcd4a9ab-f8f3-4278-9afd-139a6b179813","none","https://billsequipment.mydomain.com/images/gemtor/VW655.jpg","The remote server returned an error: (400) Bad Request."
"MC250 Curbilder™ (Landscabe Curb Machine)","Miller","MC250","Safety Equipment","inserted","952ca050-ab0e-4b62-aa72-bfe012c0cb46","none","https://billsequipment.mydomain.com/images/miller/mc250.gif","The remote server returned an error: (400) Bad Request."
"**RT-5250-2XP includes","RoboToolz","RT-A1150-123","Safety Equipment","inserted","2a9a3c34-4130-4cb8-851e-481a3e1b06ea","none","https://billsequipment.mydomain.com/images/robotoolz/250.gif","The remote server returned an error: (400) Bad Request."
"**RT-7690-2XPKT also includes","RoboToolz","RT-A1150-123","Safety Equipment","skipped - matches existing product","2a9a3c34-4130-4cb8-851e-481a3e1b06ea","not attempted","https://billsequipment.mydomain.com/images/robotoolz/7690.gif",""
"CT 36ADP – Features and Benefits","Wacker","","Safety Equipment","inserted","7f173b19-942a-4d5a-8bc1-ae9804317547","none","https://billsequipment.mydomain.com/images/wacker/ct36adp.jpg","The remote server returned an error: (400) Bad Request."
"WB-16a – Features and Benefits","Wacker","B56.8-1993","Safety Equipment","inserted","6f507838-c4d0-4749-b47c-44b93c716a6f","none","https://billsequipment.mydomain.com/images/wacker/wb-16a.jpg","The remote server returned an error: (400) Bad Request."
"Folding Scaffold (0063-0435-54) | Handy Roll, 27""W x 64""L x 51""H, with 2 casters and 2 steel planks","Bil-Jax","","Scaffolding","inserted","39cf35d3-62c6-4f3f-9e7e-5555045d92f1","none","https://billsequipment.mydomain.com/images/bil-jax/0063-0435.gif","The remote server returned an error: (400) Bad Request."
"WX 10","Honda","","Water Pumps","inserted","62968bc1-a9fe-4f46-aaea-2d632fdcd179","none","https://billsequipment.mydomain.com/images/honda/wx10-150.gif","The remote server returned an error: (400) Bad Request."
"MS1 Block Saw","Stone","","Water Pumps","inserted","7ae0f5c4-fe91-4a2d-89ed-1caaffb3d240","none","https://billsequipment.mydomain.com/images/stonemixers/ms1.jpg","The remote server returned an error: (400) Bad Request."
"MS2 Block Saw","Stone","","Water Pumps","inserted","e7122447-ec4c-4274-b10f-cc4fe656282c","none","https://billsequipment.mydomain.com/images/stonemixers/ms2.jpg","The remote server returned an error: (400) Bad Request."
"PT 2H","Wacker","","Water Pumps","inserted","6323579f-aa75-4a5a-9d8d-38b880ddbd7f","none","https://billsequipment.mydomain.com/images/wacker/pt2h.gif","The remote server returned an error: (400) Bad Request."
"PTS 4V","Wacker","","Water Pumps","inserted","2ca79a10-3a34-44f2-99bd-adeafc7e2900","none","https://billsequipment.mydomain.com/images/wacker/pts4v.gif","The remote server returned an error: (400) Bad Request."
"Wacker Water Pump","Wacker","","Water Pumps","inserted","08328c5c-df38-49fe-8cc6-09434627f6f9","none","https://billsequipment.mydomain.com/images/wacker/pt6lt.gif","The remote server returned an error: (400) Bad Request."
