"SourceUrl","TargetUrl","Kind","RawValue"
"https://billsequipment.mydomain.com/tsurumi.htm","https://billsequipment.mydomain.com/a%5Bi%5D;%7D%7D","unquoted-src","a[i];}}"
"https://billsequipment.mydomain.com/oztec.htm","https://billsequipment.mydomain.com/a%5Bi+2%5D;%7D","unquoted-src","a[i+2];}"
"https://billsequipment.mydomain.com/sprayforce.htm","https://billsequipment.mydomain.com/about.htm","unquoted-href","about.htm"
"https://billsequipment.mydomain.com/productslist.htm","https://billsequipment.mydomain.com/aeriallifts.htm","legacy-reference","aeriallifts.htm"
"https://billsequipment.mydomain.com/productslist.htm","https://billsequipment.mydomain.com/aircompressors.htm","href","aircompressors.htm"
"https://billsequipment.mydomain.com/aircompressors.htm","https://billsequipment.mydomain.com/airman.htm","legacy-reference","airman.htm"
"https://billsequipment.mydomain.com/productslist.htm","https://billsequipment.mydomain.com/allegro.htm","unquoted-href","allegro.htm"
"https://billsequipment.mydomain.com/scaffolding.htm","https://billsequipment.mydomain.com/bil-jax.htm","unquoted-href","bil-jax.htm"
"https://billsequipment.mydomain.com/productslist.htm","https://billsequipment.mydomain.com/bosch.htm","legacy-reference","bosch.htm"
"https://billsequipment.mydomain.com/index.htm","https://billsequipment.mydomain.com/buffalotools.htm","legacy-reference","buffalotools.htm"
"https://billsequipment.mydomain.com/productslist.htm","https://billsequipment.mydomain.com/concretemixers.htm","unquoted-href","concretemixers.htm"
"https://billsequipment.mydomain.com/productslist.htm","https://billsequipment.mydomain.com/concretepumps.htm","legacy-reference","concretepumps.htm"
"https://billsequipment.mydomain.com/orgill.htm","https://billsequipment.mydomain.com/contact.htm","unquoted-href","contact.htm"
"https://billsequipment.mydomain.com/index.htm","https://billsequipment.mydomain.com/contactmanufacturer.htm","href","contactmanufacturer.htm"
"https://billsequipment.mydomain.com/index.htm","https://billsequipment.mydomain.com/contactmanufaturer.htm","unquoted-href","contactmanufaturer.htm"
"https://billsequipment.mydomain.com/index.htm","https://billsequipment.mydomain.com/edco.htm","unquoted-href","edco.htm"
"https://billsequipment.mydomain.com/productslist.htm","https://billsequipment.mydomain.com/finishers.htm","legacy-reference","finishers.htm"
"https://billsequipment.mydomain.com/index.htm","https://billsequipment.mydomain.com/flash/flash_intro.gif","unquoted-src","flash/flash_intro.gif"
"https://billsequipment.mydomain.com/productslist.htm","https://billsequipment.mydomain.com/gatorzglasses.htm","legacy-reference","gatorzglasses.htm"
"https://billsequipment.mydomain.com/index.htm","https://billsequipment.mydomain.com/genie.htm","href","genie.htm"
"https://billsequipment.mydomain.com/concretemixers.htm","https://billsequipment.mydomain.com/hardwareshop.htm","href","hardwareshop.htm"
"https://billsequipment.mydomain.com/honda_lombardini.htm","https://billsequipment.mydomain.com/honda.htm","href","honda.htm"
"https://billsequipment.mydomain.com/productslist.htm","https://billsequipment.mydomain.com/honda_lombardini.htm","href","honda_lombardini.htm"
"https://billsequipment.mydomain.com/bil-jax.htm","https://billsequipment.mydomain.com/images/_navbar/about_rivet.jpg","unquoted-src","images/_navbar/about_rivet.jpg"
"https://billsequipment.mydomain.com/honda.htm","https://billsequipment.mydomain.com/images/_navbar/about1.jpg","unquoted-src","images/_navbar/about1.jpg"
"https://billsequipment.mydomain.com/contact.htm","https://billsequipment.mydomain.com/images/_navbar/contact_rivet.jpg","src","images/_navbar/contact_rivet.jpg"
"https://billsequipment.mydomain.com/oztec.htm","https://billsequipment.mydomain.com/images/_navbar/contact1.jpg","unquoted-src","images/_navbar/contact1.jpg"
"https://billsequipment.mydomain.com/concretepumps.htm","https://billsequipment.mydomain.com/images/_navbar/hardware_rivet.jpg","src","images/_navbar/hardware_rivet.jpg"
"https://billsequipment.mydomain.com/sullair.htm","https://billsequipment.mydomain.com/images/_navbar/hardware1.jpg","src","images/_navbar/hardware1.jpg"
"https://billsequipment.mydomain.com/genie.htm","https://billsequipment.mydomain.com/images/_navbar/home_rivet.jpg","src","images/_navbar/home_rivet.jpg"
"https://billsequipment.mydomain.com/sprayforce.htm","https://billsequipment.mydomain.com/images/_navbar/home1.jpg","unquoted-src","images/_navbar/home1.jpg"
"https://billsequipment.mydomain.com/mbw.htm","https://billsequipment.mydomain.com/images/_navbar/products_rivet.jpg","src","images/_navbar/products_rivet.jpg"
"https://billsequipment.mydomain.com/robotoolz.htm","https://billsequipment.mydomain.com/images/_navbar/products1.jpg","src","images/_navbar/products1.jpg"
"https://billsequipment.mydomain.com/wacker_multiquip.html","https://billsequipment.mydomain.com/images/_navbar/quote1.jpg","unquoted-src","images/_navbar/quote1.jpg"
"https://billsequipment.mydomain.com/productslist.htm","https://billsequipment.mydomain.com/images/_productlist/aerial","unquoted-src","images/_productlist/aerial"
"https://billsequipment.mydomain.com/productslist.htm","https://billsequipment.mydomain.com/images/_productlist/aerial%20lifts.jpg","src","images/_productlist/aerial lifts.jpg"
"https://billsequipment.mydomain.com/productslist.htm","https://billsequipment.mydomain.com/images/_productlist/air","unquoted-src","images/_productlist/air"
"https://billsequipment.mydomain.com/productslist.htm","https://billsequipment.mydomain.com/images/_productlist/air%20compressors.jpg","src","images/_productlist/air compressors.jpg"
"https://billsequipment.mydomain.com/productslist.htm","https://billsequipment.mydomain.com/images/_productlist/air%20hose.jpg","src","images/_productlist/air hose.jpg"
"https://billsequipment.mydomain.com/productslist.htm","https://billsequipment.mydomain.com/images/_productlist/airsaws.jpg","unquoted-src","images/_productlist/airsaws.jpg"
"https://billsequipment.mydomain.com/productslist.htm","https://billsequipment.mydomain.com/images/_productlist/blowers.jpg","unquoted-src","images/_productlist/blowers.jpg"
"https://billsequipment.mydomain.com/productslist.htm","https://billsequipment.mydomain.com/images/_productlist/concrete","unquoted-src","images/_productlist/concrete"
"https://billsequipment.mydomain.com/productslist.htm","https://billsequipment.mydomain.com/images/_productlist/concrete%20pumps.jpg","src","images/_productlist/concrete pumps.jpg"
"https://billsequipment.mydomain.com/productslist.htm","https://billsequipment.mydomain.com/images/_productlist/concrete%20vibrators.jpg","src","images/_productlist/concrete vibrators.jpg"
"https://billsequipment.mydomain.com/productslist.htm","https://billsequipment.mydomain.com/images/_productlist/concretemixers.jpg","src","images/_productlist/concretemixers.jpg"
"https://billsequipment.mydomain.com/productslist.htm","https://billsequipment.mydomain.com/images/_productlist/concretemixers2.jpg","unquoted-src","images/_productlist/concretemixers2.jpg"
"https://billsequipment.mydomain.com/productslist.htm","https://billsequipment.mydomain.com/images/_productlist/diamond","unquoted-src","images/_productlist/diamond"
"https://billsequipment.mydomain.com/productslist.htm","https://billsequipment.mydomain.com/images/_productlist/diamond%20blades.jpg","src","images/_productlist/diamond blades.jpg"
"https://billsequipment.mydomain.com/productslist.htm","https://billsequipment.mydomain.com/images/_productlist/diaphragm","unquoted-src","images/_productlist/diaphragm"
"https://billsequipment.mydomain.com/productslist.htm","https://billsequipment.mydomain.com/images/_productlist/diaphragm%20pumps.jpg","src","images/_productlist/diaphragm pumps.jpg"
"https://billsequipment.mydomain.com/productslist.htm","https://billsequipment.mydomain.com/images/_productlist/diesel","unquoted-src","images/_productlist/diesel"
"https://billsequipment.mydomain.com/productslist.htm","https://billsequipment.mydomain.com/images/_productlist/diesel%20water%20pumps.jpg","src","images/_productlist/diesel water pumps.jpg"
"https://billsequipment.mydomain.com/productslist.htm","https://billsequipment.mydomain.com/images/_productlist/drilling","unquoted-src","images/_productlist/drilling"
"https://billsequipment.mydomain.com/productslist.htm","https://billsequipment.mydomain.com/images/_productlist/drilling%20tools.jpg","src","images/_productlist/drilling tools.jpg"
"https://billsequipment.mydomain.com/productslist.htm","https://billsequipment.mydomain.com/images/_productlist/electric","unquoted-src","images/_productlist/electric"
"https://billsequipment.mydomain.com/productslist.htm","https://billsequipment.mydomain.com/images/_productlist/electric%20hammers.jpg","src","images/_productlist/electric hammers.jpg"
"https://billsequipment.mydomain.com/productslist.htm","https://billsequipment.mydomain.com/images/_productlist/engines.jpg","unquoted-src","images/_productlist/engines.jpg"
"https://billsequipment.mydomain.com/productslist.htm","https://billsequipment.mydomain.com/images/_productlist/finishers.jpg","src","images/_productlist/finishers.jpg"
"https://billsequipment.mydomain.com/productslist.htm","https://billsequipment.mydomain.com/images/_productlist/floor","unquoted-src","images/_productlist/floor"
"https://billsequipment.mydomain.com/productslist.htm","https://billsequipment.mydomain.com/images/_productlist/floor%20saws.jpg","src","images/_productlist/floor saws.jpg"
"https://billsequipment.mydomain.com/productslist.htm","https://billsequipment.mydomain.com/images/_productlist/gas","unquoted-src","images/_productlist/gas"
"https://billsequipment.mydomain.com/productslist.htm","https://billsequipment.mydomain.com/images/_productlist/gas%20water%20pumps.jpg","src","images/_productlist/gas water pumps.jpg"
"https://billsequipment.mydomain.com/productslist.htm","https://billsequipment.mydomain.com/images/_productlist/gasoline","unquoted-src","images/_productlist/gasoline"
"https://billsequipment.mydomain.com/productslist.htm","https://billsequipment.mydomain.com/images/_productlist/gasoline%20hammers.jpg","src","images/_productlist/gasoline hammers.jpg"
"https://billsequipment.mydomain.com/productslist.htm","https://billsequipment.mydomain.com/images/_productlist/gassaws.jpg","unquoted-src","images/_productlist/gassaws.jpg"
"https://billsequipment.mydomain.com/productslist.htm","https://billsequipment.mydomain.com/images/_productlist/generators.jpg","unquoted-src","images/_productlist/generators.jpg"
"https://billsequipment.mydomain.com/productslist.htm","https://billsequipment.mydomain.com/images/_productlist/gloves.jpg","unquoted-src","images/_productlist/gloves.jpg"
"https://billsequipment.mydomain.com/productslist.htm","https://billsequipment.mydomain.com/images/_productlist/high","unquoted-src","images/_productlist/high"
"https://billsequipment.mydomain.com/productslist.htm","https://billsequipment.mydomain.com/images/_productlist/high%20pressure%20washers.jpg","src","images/_productlist/high pressure washers.jpg"
"https://billsequipment.mydomain.com/productslist.htm","https://billsequipment.mydomain.com/images/_productlist/knives.jpg","src","images/_productlist/knives.jpg"
"https://billsequipment.mydomain.com/productslist.htm","https://billsequipment.mydomain.com/images/_productlist/masonry.jpg","unquoted-src","images/_productlist/masonry.jpg"
"https://billsequipment.mydomain.com/productslist.htm","https://billsequipment.mydomain.com/images/_productlist/mortar","unquoted-src","images/_productlist/mortar"
"https://billsequipment.mydomain.com/productslist.htm","https://billsequipment.mydomain.com/images/_productlist/mortar%20mixers.jpg","src","images/_productlist/mortar mixers.jpg"
"https://billsequipment.mydomain.com/productslist.htm","https://billsequipment.mydomain.com/images/_productlist/plate","unquoted-src","images/_productlist/plate"
"https://billsequipment.mydomain.com/productslist.htm","https://billsequipment.mydomain.com/images/_productlist/plate%20compactors.jpg","src","images/_productlist/plate compactors.jpg"
"https://billsequipment.mydomain.com/productslist.htm","https://billsequipment.mydomain.com/images/_productlist/pneumatic.jpg","src","images/_productlist/pneumatic.jpg"
"https://billsequipment.mydomain.com/productslist.htm","https://billsequipment.mydomain.com/images/_productlist/power","unquoted-src","images/_productlist/power"
"https://billsequipment.mydomain.com/productslist.htm","https://billsequipment.mydomain.com/images/_productlist/power%20trowel.jpg","src","images/_productlist/power trowel.jpg"
"https://billsequipment.mydomain.com/productslist.htm","https://billsequipment.mydomain.com/images/_productlist/rebar.jpg","src","images/_productlist/rebar.jpg"
"https://billsequipment.mydomain.com/productslist.htm","https://billsequipment.mydomain.com/images/_productlist/rollers.jpg","unquoted-src","images/_productlist/rollers.jpg"
"https://billsequipment.mydomain.com/productslist.htm","https://billsequipment.mydomain.com/images/_productlist/safety","unquoted-src","images/_productlist/safety"
"https://billsequipment.mydomain.com/productslist.htm","https://billsequipment.mydomain.com/images/_productlist/safety%20equipment.jpg","src","images/_productlist/safety equipment.jpg"
"https://billsequipment.mydomain.com/productslist.htm","https://billsequipment.mydomain.com/images/_productlist/safetyglasses.jpg","unquoted-src","images/_productlist/safetyglasses.jpg"
"https://billsequipment.mydomain.com/productslist.htm","https://billsequipment.mydomain.com/images/_productlist/scaffolding.jpg","src","images/_productlist/scaffolding.jpg"
"https://billsequipment.mydomain.com/productslist.htm","https://billsequipment.mydomain.com/images/_productlist/screeds.jpg","unquoted-src","images/_productlist/screeds.jpg"
"https://billsequipment.mydomain.com/productslist.htm","https://billsequipment.mydomain.com/images/_productlist/shoring.jpg","unquoted-src","images/_productlist/shoring.jpg"
"https://billsequipment.mydomain.com/productslist.htm","https://billsequipment.mydomain.com/images/_productlist/stone","unquoted-src","images/_productlist/stone"
"https://billsequipment.mydomain.com/productslist.htm","https://billsequipment.mydomain.com/images/_productlist/stone%20concrete%20grinder.jpg","src","images/_productlist/stone concrete grinder.jpg"
"https://billsequipment.mydomain.com/productslist.htm","https://billsequipment.mydomain.com/images/_productlist/submersible.jpg","src","images/_productlist/submersible.jpg"
"https://billsequipment.mydomain.com/productslist.htm","https://billsequipment.mydomain.com/images/_productlist/tamping","unquoted-src","images/_productlist/tamping"
"https://billsequipment.mydomain.com/productslist.htm","https://billsequipment.mydomain.com/images/_productlist/tamping%20rammers.jpg","src","images/_productlist/tamping rammers.jpg"
"https://billsequipment.mydomain.com/productslist.htm","https://billsequipment.mydomain.com/images/_productlist/trash","unquoted-src","images/_productlist/trash"
"https://billsequipment.mydomain.com/productslist.htm","https://billsequipment.mydomain.com/images/_productlist/trash%20water%20pumps.jpg","src","images/_productlist/trash water pumps.jpg"
"https://billsequipment.mydomain.com/productslist.htm","https://billsequipment.mydomain.com/images/_productlist/utility","unquoted-src","images/_productlist/utility"
"https://billsequipment.mydomain.com/productslist.htm","https://billsequipment.mydomain.com/images/_productlist/utility%20vehicles.jpg","src","images/_productlist/utility vehicles.jpg"
"https://billsequipment.mydomain.com/productslist.htm","https://billsequipment.mydomain.com/images/_productlist/vibratory","unquoted-src","images/_productlist/vibratory"
"https://billsequipment.mydomain.com/productslist.htm","https://billsequipment.mydomain.com/images/_productlist/vibratory%20rollers.jpg","src","images/_productlist/vibratory rollers.jpg"
"https://billsequipment.mydomain.com/productslist.htm","https://billsequipment.mydomain.com/images/_productlist/walk","unquoted-src","images/_productlist/walk"
"https://billsequipment.mydomain.com/productslist.htm","https://billsequipment.mydomain.com/images/_productlist/walk%20behind%20rolelrs.jpg","src","images/_productlist/walk behind rolelrs.jpg"
"https://billsequipment.mydomain.com/productslist.htm","https://billsequipment.mydomain.com/images/_productlist/water","unquoted-src","images/_productlist/water"
"https://billsequipment.mydomain.com/productslist.htm","https://billsequipment.mydomain.com/images/_productlist/water%20hose.jpg","src","images/_productlist/water hose.jpg"
"https://billsequipment.mydomain.com/sullair.htm","https://billsequipment.mydomain.com/images/Abbot/Air","unquoted-src","images/Abbot/Air"
"https://billsequipment.mydomain.com/sullair.htm","https://billsequipment.mydomain.com/images/Abbot/Air%20Pump/250","src","images/Abbot/Air Pump/250# Pneumatic Tool Air Hose Assembly.jpg"
"https://billsequipment.mydomain.com/sullair.htm","https://billsequipment.mydomain.com/images/Abbot/Air%20Pump/300","src","images/Abbot/Air Pump/300# Pneumatic Air Hose Assembly.jpg"
"https://billsequipment.mydomain.com/sullair.htm","https://billsequipment.mydomain.com/images/Abbot/Air%20Pump/Wire-Braid%20Pneumatic%20Tool%20Air%20Hose%20Assembly.jpg","src","images/Abbot/Air Pump/Wire-Braid Pneumatic Tool Air Hose Assembly.jpg"
"https://billsequipment.mydomain.com/tsurumi.htm","https://billsequipment.mydomain.com/images/Abbot/Water","unquoted-src","images/Abbot/Water"
"https://billsequipment.mydomain.com/tsurumi.htm","https://billsequipment.mydomain.com/images/Abbot/Water%20Pump/All%20Weather%20Water%20Suction%20Hose.jpg","src","images/Abbot/Water Pump/All Weather Water Suction Hose.jpg"
"https://billsequipment.mydomain.com/tsurumi.htm","https://billsequipment.mydomain.com/images/Abbot/Water%20Pump/Contractors%20PVC%20Water%20Discharge%20Hose.jpg","src","images/Abbot/Water Pump/Contractors PVC Water Discharge Hose.jpg"
"https://billsequipment.mydomain.com/tsurumi.htm","https://billsequipment.mydomain.com/images/Abbot/Water%20Pump/Crushproof%20Waters%20Suction%20Hose.jpg","src","images/Abbot/Water Pump/Crushproof Waters Suction Hose.jpg"
"https://billsequipment.mydomain.com/tsurumi.htm","https://billsequipment.mydomain.com/images/Abbot/Water%20Pump/Double%20Jacket%20Mill%20Discharge%20Hose.jpg","src","images/Abbot/Water Pump/Double Jacket Mill Discharge Hose.jpg"
"https://billsequipment.mydomain.com/tsurumi.htm","https://billsequipment.mydomain.com/images/Abbot/Water%20Pump/Extra%20Heavy%20Duty%20PVC%20Water%20Discharge%20Hose.jpg","src","images/Abbot/Water Pump/Extra Heavy Duty PVC Water Discharge Hose.jpg"
"https://billsequipment.mydomain.com/tsurumi.htm","https://billsequipment.mydomain.com/images/Abbot/Water%20Pump/Heavy%20Duty%20PVC%20Water%20Discharge%20Hose.jpg","src","images/Abbot/Water Pump/Heavy Duty PVC Water Discharge Hose.jpg"
"https://billsequipment.mydomain.com/tsurumi.htm","https://billsequipment.mydomain.com/images/Abbot/Water%20Pump/Mill%20Discharge%20Hose.jpg","src","images/Abbot/Water Pump/Mill Discharge Hose.jpg"
"https://billsequipment.mydomain.com/tsurumi.htm","https://billsequipment.mydomain.com/images/Abbot/Water%20Pump/PVC%20Water%20Discharge%20Hose.jpg","src","images/Abbot/Water Pump/PVC Water Discharge Hose.jpg"
"https://billsequipment.mydomain.com/tsurumi.htm","https://billsequipment.mydomain.com/images/Abbot/Water%20Pump/PVC%20Water%20Suction%20Hose.jpg","src","images/Abbot/Water Pump/PVC Water Suction Hose.jpg"
"https://billsequipment.mydomain.com/airman.htm","https://billsequipment.mydomain.com/images/airman/closed.gif","src","images/airman/closed.gif"
"https://billsequipment.mydomain.com/aircompressors.htm","https://billsequipment.mydomain.com/images/airman/open.gif","unquoted-src","images/airman/open.gif"
"https://billsequipment.mydomain.com/allegro.htm","https://billsequipment.mydomain.com/images/allegro/blower_left.png","src","images/allegro/blower_left.png"
"https://billsequipment.mydomain.com/allegro.htm","https://billsequipment.mydomain.com/images/allegro/blower_right.png","src","images/allegro/blower_right.png"
"https://billsequipment.mydomain.com/bil-jax.htm","https://billsequipment.mydomain.com/images/bil-jax/0026_762.gif","unquoted-src","images/bil-jax/0026_762.gif"
"https://billsequipment.mydomain.com/bil-jax.htm","https://billsequipment.mydomain.com/images/bil-jax/0032_096.gif","unquoted-src","images/bil-jax/0032_096.gif"
"https://billsequipment.mydomain.com/bil-jax.htm","https://billsequipment.mydomain.com/images/bil-jax/0034_086.gif","src","images/bil-jax/0034_086.gif"
"https://billsequipment.mydomain.com/bil-jax.htm","https://billsequipment.mydomain.com/images/bil-jax/0055_216.gif","unquoted-src","images/bil-jax/0055_216.gif"
"https://billsequipment.mydomain.com/bil-jax.htm","https://billsequipment.mydomain.com/images/bil-jax/0063_0575.gif","unquoted-src","images/bil-jax/0063_0575.gif"
"https://billsequipment.mydomain.com/bil-jax.htm","https://billsequipment.mydomain.com/images/bil-jax/0063-0435.gif","src","images/bil-jax/0063-0435.gif"
"https://billsequipment.mydomain.com/scaffolding.htm","https://billsequipment.mydomain.com/images/bil-jax/0127_006_0.gif","src","images/bil-jax/0127_006_0.gif"
"https://billsequipment.mydomain.com/bil-jax.htm","https://billsequipment.mydomain.com/images/bil-jax/0557.gif","src","images/bil-jax/0557.gif"
"https://billsequipment.mydomain.com/bil-jax.htm","https://billsequipment.mydomain.com/images/bil-jax/6627_02552.gif","unquoted-src","images/bil-jax/6627_02552.gif"
"https://billsequipment.mydomain.com/aeriallifts.htm","https://billsequipment.mydomain.com/images/bil-jax/xlb4232.gif","unquoted-src","images/bil-jax/xlb4232.gif"
"https://billsequipment.mydomain.com/bil-jax.htm","https://billsequipment.mydomain.com/images/bil-jax/xlb4725.gif","unquoted-src","images/bil-jax/xlb4725.gif"
"https://billsequipment.mydomain.com/bil-jax.htm","https://billsequipment.mydomain.com/images/bil-jax/xltcat23.gif","unquoted-src","images/bil-jax/xltcat23.gif"
"https://billsequipment.mydomain.com/bosch.htm","https://billsequipment.mydomain.com/images/bosch/1033VSR.jpg","unquoted-src","images/bosch/1033VSR.jpg"
"https://billsequipment.mydomain.com/bosch.htm","https://billsequipment.mydomain.com/images/bosch/1034VSR.jpg","unquoted-src","images/bosch/1034VSR.jpg"
"https://billsequipment.mydomain.com/bosch.htm","https://billsequipment.mydomain.com/images/bosch/11248EVS.jpg","unquoted-src","images/bosch/11248EVS.jpg"
"https://billsequipment.mydomain.com/bosch.htm","https://billsequipment.mydomain.com/images/bosch/11304_ACTION.jpg","unquoted-src","images/bosch/11304_ACTION.jpg"
"https://billsequipment.mydomain.com/bosch.htm","https://billsequipment.mydomain.com/images/bosch/11304K.jpg","unquoted-src","images/bosch/11304K.jpg"
"https://billsequipment.mydomain.com/bosch.htm","https://billsequipment.mydomain.com/images/bosch/11316EVS.jpg","unquoted-src","images/bosch/11316EVS.jpg"
"https://billsequipment.mydomain.com/bosch.htm","https://billsequipment.mydomain.com/images/bosch/11318EVS.jpg","src","images/bosch/11318EVS.jpg"
"https://billsequipment.mydomain.com/bosch.htm","https://billsequipment.mydomain.com/images/bosch/1194AVSR.jpg","unquoted-src","images/bosch/1194AVSR.jpg"
"https://billsequipment.mydomain.com/bosch.htm","https://billsequipment.mydomain.com/images/bosch/1194AVSRK.jpg","unquoted-src","images/bosch/1194AVSRK.jpg"
"https://billsequipment.mydomain.com/bosch.htm","https://billsequipment.mydomain.com/images/bosch/1752G7_01.jpg","src","images/bosch/1752G7_01.jpg"
"https://billsequipment.mydomain.com/bosch.htm","https://billsequipment.mydomain.com/images/bosch/1754G_01.jpg","src","images/bosch/1754G_01.jpg"
"https://billsequipment.mydomain.com/buffalotools.htm","https://billsequipment.mydomain.com/images/buffalotools/aircompressors.jpg","src","images/buffalotools/aircompressors.jpg"
"https://billsequipment.mydomain.com/index.htm","https://billsequipment.mydomain.com/images/companies/a1.jpg","src","images/companies/a1.jpg"
"https://billsequipment.mydomain.com/airman.htm","https://billsequipment.mydomain.com/images/companies/AIRMAN.jpg","unquoted-src","images/companies/AIRMAN.jpg"
"https://billsequipment.mydomain.com/allegro.htm","https://billsequipment.mydomain.com/images/companies/allegrologo.jpg","src","images/companies/allegrologo.jpg"
"https://billsequipment.mydomain.com/bil-jax.htm","https://billsequipment.mydomain.com/images/companies/bil-jax.jpg","unquoted-src","images/companies/bil-jax.jpg"
"https://billsequipment.mydomain.com/index.htm","https://billsequipment.mydomain.com/images/companies/boschlogo.gif","unquoted-src","images/companies/boschlogo.gif"
"https://billsequipment.mydomain.com/buffalotools.htm","https://billsequipment.mydomain.com/images/companies/buffalotool.jpg","unquoted-src","images/companies/buffalotool.jpg"
"https://billsequipment.mydomain.com/contactmanufaturer.htm","https://billsequipment.mydomain.com/images/companies/dynapac.jpg","src","images/companies/dynapac.jpg"
"https://billsequipment.mydomain.com/edco.htm","https://billsequipment.mydomain.com/images/companies/edcologo.jpg","unquoted-src","images/companies/edcologo.jpg"
"https://billsequipment.mydomain.com/index.htm","https://billsequipment.mydomain.com/images/companies/gatorz.gif","src","images/companies/gatorz.gif"
"https://billsequipment.mydomain.com/safetyequipment.htm","https://billsequipment.mydomain.com/images/companies/gemtorlogo.gif","unquoted-src","images/companies/gemtorlogo.gif"
"https://billsequipment.mydomain.com/index.htm","https://billsequipment.mydomain.com/images/companies/genie.jpg","unquoted-src","images/companies/genie.jpg"
"https://billsequipment.mydomain.com/honda_lombardini.htm","https://billsequipment.mydomain.com/images/companies/hondapower.jpg","src","images/companies/hondapower.jpg"
"https://billsequipment.mydomain.com/contactmanufaturer.htm","https://billsequipment.mydomain.com/images/companies/komatsu.gif","unquoted-src","images/companies/komatsu.gif"
"https://billsequipment.mydomain.com/index.htm","https://billsequipment.mydomain.com/images/companies/kraft.jpg","unquoted-src","images/companies/kraft.jpg"
"https://billsequipment.mydomain.com/kubota.htm","https://billsequipment.mydomain.com/images/companies/kubota.jpg","unquoted-src","images/companies/kubota.jpg"
"https://billsequipment.mydomain.com/index.htm","https://billsequipment.mydomain.com/images/companies/linosella.jpg","unquoted-src","images/companies/linosella.jpg"
"https://billsequipment.mydomain.com/lombardini.htm","https://billsequipment.mydomain.com/images/companies/lombardini.gif","unquoted-src","images/companies/lombardini.gif"
"https://billsequipment.mydomain.com/makita.htm","https://billsequipment.mydomain.com/images/companies/makita.jpg","src","images/companies/makita.jpg"
"https://billsequipment.mydomain.com/contactmanufaturer.htm","https://billsequipment.mydomain.com/images/companies/mbw.jpg","src","images/companies/mbw.jpg"
"https://billsequipment.mydomain.com/miller.htm","https://billsequipment.mydomain.com/images/companies/miller.jpg","src","images/companies/miller.jpg"
"https://billsequipment.mydomain.com/milwaukee.htm","https://billsequipment.mydomain.com/images/companies/milwaukeelogo.jpg","src","images/companies/milwaukeelogo.jpg"
"https://billsequipment.mydomain.com/index.htm","https://billsequipment.mydomain.com/images/companies/mmd.jpg","unquoted-src","images/companies/mmd.jpg"
"https://billsequipment.mydomain.com/index.htm","https://billsequipment.mydomain.com/images/companies/mqlogo.jpg","src","images/companies/mqlogo.jpg"
"https://billsequipment.mydomain.com/index.htm","https://billsequipment.mydomain.com/images/companies/mtownlogo.jpg","unquoted-src","images/companies/mtownlogo.jpg"
"https://billsequipment.mydomain.com/nedcorp.htm","https://billsequipment.mydomain.com/images/companies/nedcorp.jpg","src","images/companies/nedcorp.jpg"
"https://billsequipment.mydomain.com/index.htm","https://billsequipment.mydomain.com/images/companies/orgill.jpg","src","images/companies/orgill.jpg"
"https://billsequipment.mydomain.com/oztec.htm","https://billsequipment.mydomain.com/images/companies/oztec.jpg","unquoted-src","images/companies/oztec.jpg"
"https://billsequipment.mydomain.com/index.htm","https://billsequipment.mydomain.com/images/companies/polecatlogo.gif","unquoted-src","images/companies/polecatlogo.gif"
"https://billsequipment.mydomain.com/index.htm","https://billsequipment.mydomain.com/images/companies/Powerland-new.jpg","unquoted-src","images/companies/Powerland-new.jpg"
"https://billsequipment.mydomain.com/index.htm","https://billsequipment.mydomain.com/images/companies/pressure-pro.jpg","src","images/companies/pressure-pro.jpg"
"https://billsequipment.mydomain.com/index.htm","https://billsequipment.mydomain.com/images/companies/robotoolz.gif","unquoted-src","images/companies/robotoolz.gif"
"https://billsequipment.mydomain.com/sprayforce.htm","https://billsequipment.mydomain.com/images/companies/sprayforce.gif","unquoted-src","images/companies/sprayforce.gif"
"https://billsequipment.mydomain.com/stihl.htm","https://billsequipment.mydomain.com/images/companies/stihllogo.jpg","unquoted-src","images/companies/stihllogo.jpg"
"https://billsequipment.mydomain.com/stone.htm","https://billsequipment.mydomain.com/images/companies/stone.jpg","unquoted-src","images/companies/stone.jpg"
"https://billsequipment.mydomain.com/contactmanufaturer.htm","https://billsequipment.mydomain.com/images/companies/stow.gif","unquoted-src","images/companies/stow.gif"
"https://billsequipment.mydomain.com/sullair.htm","https://billsequipment.mydomain.com/images/companies/sullair_logo.jpg","unquoted-src","images/companies/sullair_logo.jpg"
"https://billsequipment.mydomain.com/tsurumi.htm","https://billsequipment.mydomain.com/images/companies/tsurumi.jpg","unquoted-src","images/companies/tsurumi.jpg"
"https://billsequipment.mydomain.com/stihl.htm","https://billsequipment.mydomain.com/images/companies/ussaws.jpg","src","images/companies/ussaws.jpg"
"https://billsequipment.mydomain.com/wacker_multiquip.html","https://billsequipment.mydomain.com/images/companies/wackerlogo.jpg","unquoted-src","images/companies/wackerlogo.jpg"
"https://billsequipment.mydomain.com/williamhenry.htm","https://billsequipment.mydomain.com/images/companies/williamhenry.gif","src","images/companies/williamhenry.gif"
"https://billsequipment.mydomain.com/multiquip.htm","https://billsequipment.mydomain.com/images/divider.jpg","unquoted-src","images/divider.jpg"
"https://billsequipment.mydomain.com/edco.htm","https://billsequipment.mydomain.com/images/edco/2gc.jpg","src","images/edco/2gc.jpg"
"https://billsequipment.mydomain.com/edco.htm","https://billsequipment.mydomain.com/images/edco/alr2.jpg","src","images/edco/alr2.jpg"
"https://billsequipment.mydomain.com/edco.htm","https://billsequipment.mydomain.com/images/edco/alr5.jpg","src","images/edco/alr5.jpg"
"https://billsequipment.mydomain.com/edco.htm","https://billsequipment.mydomain.com/images/edco/bigstick.jpg","unquoted-src","images/edco/bigstick.jpg"
"https://billsequipment.mydomain.com/edco.htm","https://billsequipment.mydomain.com/images/edco/cd5.jpg","unquoted-src","images/edco/cd5.jpg"
"https://billsequipment.mydomain.com/edco.htm","https://billsequipment.mydomain.com/images/edco/cpm8.jpg","unquoted-src","images/edco/cpm8.jpg"
"https://billsequipment.mydomain.com/edco.htm","https://billsequipment.mydomain.com/images/edco/dymaserts.jpg","unquoted-src","images/edco/dymaserts.jpg"
"https://billsequipment.mydomain.com/edco.htm","https://billsequipment.mydomain.com/images/edco/scarifierassemblies.jpg","unquoted-src","images/edco/scarifierassemblies.jpg"
"https://billsequipment.mydomain.com/edco.htm","https://billsequipment.mydomain.com/images/edco/silabide.jpg","unquoted-src","images/edco/silabide.jpg"
"https://billsequipment.mydomain.com/edco.htm","https://billsequipment.mydomain.com/images/edco/stones.jpg","unquoted-src","images/edco/stones.jpg"
"https://billsequipment.mydomain.com/edco.htm","https://billsequipment.mydomain.com/images/edco/stripserts.jpg","src","images/edco/stripserts.jpg"
"https://billsequipment.mydomain.com/edco.htm","https://billsequipment.mydomain.com/images/edco/surfacerdisc.jpg","src","images/edco/surfacerdisc.jpg"
"https://billsequipment.mydomain.com/edco.htm","https://billsequipment.mydomain.com/images/edco/tlr7.jpg","unquoted-src","images/edco/tlr7.jpg"
"https://billsequipment.mydomain.com/edco.htm","https://billsequipment.mydomain.com/images/edco/wirebrushes.jpg","unquoted-src","images/edco/wirebrushes.jpg"
"https://billsequipment.mydomain.com/safetyequipment.htm","https://billsequipment.mydomain.com/images/ERB/ERB","unquoted-src","images/ERB/ERB"
"https://billsequipment.mydomain.com/safetyequipment.htm","https://billsequipment.mydomain.com/images/ERB/ERB%20glasses%201.jpg","src","images/ERB/ERB glasses 1.jpg"
"https://billsequipment.mydomain.com/safetyequipment.htm","https://billsequipment.mydomain.com/images/ERB/ERB%20glasses%2010.jpg","src","images/ERB/ERB glasses 10.jpg"
"https://billsequipment.mydomain.com/safetyequipment.htm","https://billsequipment.mydomain.com/images/ERB/ERB%20glasses%2011.jpg","src","images/ERB/ERB glasses 11.jpg"
"https://billsequipment.mydomain.com/safetyequipment.htm","https://billsequipment.mydomain.com/images/ERB/ERB%20glasses%202.jpg","src","images/ERB/ERB glasses 2.jpg"
"https://billsequipment.mydomain.com/safetyequipment.htm","https://billsequipment.mydomain.com/images/ERB/ERB%20glasses%203.jpg","src","images/ERB/ERB glasses 3.jpg"
"https://billsequipment.mydomain.com/safetyequipment.htm","https://billsequipment.mydomain.com/images/ERB/ERB%20glasses%204.jpg","src","images/ERB/ERB glasses 4.jpg"
"https://billsequipment.mydomain.com/safetyequipment.htm","https://billsequipment.mydomain.com/images/ERB/ERB%20glasses%205.jpg","src","images/ERB/ERB glasses 5.jpg"
"https://billsequipment.mydomain.com/safetyequipment.htm","https://billsequipment.mydomain.com/images/ERB/ERB%20glasses%206.jpg","src","images/ERB/ERB glasses 6.jpg"
"https://billsequipment.mydomain.com/safetyequipment.htm","https://billsequipment.mydomain.com/images/ERB/ERB%20glasses%207.jpg","src","images/ERB/ERB glasses 7.jpg"
"https://billsequipment.mydomain.com/safetyequipment.htm","https://billsequipment.mydomain.com/images/ERB/ERB%20glasses%208.jpg","src","images/ERB/ERB glasses 8.jpg"
"https://billsequipment.mydomain.com/safetyequipment.htm","https://billsequipment.mydomain.com/images/ERB/ERB%20glasses%209.jpg","src","images/ERB/ERB glasses 9.jpg"
"https://billsequipment.mydomain.com/safetyequipment.htm","https://billsequipment.mydomain.com/images/ERB/ERB%20hats%201.jpg","src","images/ERB/ERB hats 1.jpg"
"https://billsequipment.mydomain.com/safetyequipment.htm","https://billsequipment.mydomain.com/images/ERB/ERB%20hats%202.jpg","src","images/ERB/ERB hats 2.jpg"
"https://billsequipment.mydomain.com/safetyequipment.htm","https://billsequipment.mydomain.com/images/ERB/ERB%20Hi-Viz%20Rain%20Wear%20-%20Class%203%20-%20S371.jpg","src","images/ERB/ERB Hi-Viz Rain Wear - Class 3 - S371.jpg"
"https://billsequipment.mydomain.com/safetyequipment.htm","https://billsequipment.mydomain.com/images/ERB/ERB%20Hi-Viz%20Rain%20Wear%20-%20Class%203%20-%20S373.jpg","src","images/ERB/ERB Hi-Viz Rain Wear - Class 3 - S373.jpg"
"https://billsequipment.mydomain.com/safetyequipment.htm","https://billsequipment.mydomain.com/images/ERB/ERB%20Hi-Viz%20Rain%20Wear%20-%20Class%203%20-%20S373PT.jpg","src","images/ERB/ERB Hi-Viz Rain Wear - Class 3 - S373PT.jpg"
"https://billsequipment.mydomain.com/safetyequipment.htm","https://billsequipment.mydomain.com/images/ERB/ERB%20Jackets%20-%20Class%203%20-%20S372.jpg","src","images/ERB/ERB Jackets - Class 3 - S372.jpg"
"https://billsequipment.mydomain.com/safetyequipment.htm","https://billsequipment.mydomain.com/images/ERB/ERB%20Jackets%20-%20Class%203%20-%20S374.jpg","src","images/ERB/ERB Jackets - Class 3 - S374.jpg"
"https://billsequipment.mydomain.com/safetyequipment.htm","https://billsequipment.mydomain.com/images/ERB/ERB%20logo.jpg","src","images/ERB/ERB logo.jpg"
"https://billsequipment.mydomain.com/safetyequipment.htm","https://billsequipment.mydomain.com/images/ERB/ERB%20vests_Economy%20-%20Class%202%20S362.jpg","src","images/ERB/ERB vests_Economy - Class 2 S362.jpg"
"https://billsequipment.mydomain.com/safetyequipment.htm","https://billsequipment.mydomain.com/images/ERB/ERB%20vests_Economy%20-%20Class%202%20S363.jpg","src","images/ERB/ERB vests_Economy - Class 2 S363.jpg"
"https://billsequipment.mydomain.com/safetyequipment.htm","https://billsequipment.mydomain.com/images/ERB/ERB%20vests_Economy%20-%20Class%202%20S388.jpg","src","images/ERB/ERB vests_Economy - Class 2 S388.jpg"
"https://billsequipment.mydomain.com/safetyequipment.htm","https://billsequipment.mydomain.com/images/ERB/ERB%20vests_Most%20Popular%20Mesh%20-%20Class%202%20S15.jpg","src","images/ERB/ERB vests_Most Popular Mesh - Class 2 S15.jpg"
"https://billsequipment.mydomain.com/safetyequipment.htm","https://billsequipment.mydomain.com/images/ERB/ERB%20vests_Most%20Popular%20Mesh%20-%20Class%202%20S15Z.jpg","src","images/ERB/ERB vests_Most Popular Mesh - Class 2 S15Z.jpg"
"https://billsequipment.mydomain.com/gatorzglasses.htm","https://billsequipment.mydomain.com/images/gatorz/advancedtechnologygear_1796_2556.gif","unquoted-src","images/gatorz/advancedtechnologygear_1796_2556.gif"
"https://billsequipment.mydomain.com/gatorzglasses.htm","https://billsequipment.mydomain.com/images/gatorz/batray.gif","src","images/gatorz/batray.gif"
"https://billsequipment.mydomain.com/gatorzglasses.htm","https://billsequipment.mydomain.com/images/gatorz/demora.gif","src","images/gatorz/demora.gif"
"https://billsequipment.mydomain.com/gatorzglasses.htm","https://billsequipment.mydomain.com/images/gatorz/radiator.gif","src","images/gatorz/radiator.gif"
"https://billsequipment.mydomain.com/gatorzglasses.htm","https://billsequipment.mydomain.com/images/gatorz/stealth.gif","src","images/gatorz/stealth.gif"
"https://billsequipment.mydomain.com/safetyequipment.htm","https://billsequipment.mydomain.com/images/gemtor/2122L.gif","unquoted-src","images/gemtor/2122L.gif"
"https://billsequipment.mydomain.com/safetyequipment.htm","https://billsequipment.mydomain.com/images/gemtor/2212L.gif","unquoted-src","images/gemtor/2212L.gif"
"https://billsequipment.mydomain.com/safetyequipment.htm","https://billsequipment.mydomain.com/images/gemtor/859.gif","unquoted-src","images/gemtor/859.gif"
"https://billsequipment.mydomain.com/safetyequipment.htm","https://billsequipment.mydomain.com/images/gemtor/900.gif","unquoted-src","images/gemtor/900.gif"
"https://billsequipment.mydomain.com/safetyequipment.htm","https://billsequipment.mydomain.com/images/gemtor/922.gif","src","images/gemtor/922.gif"
"https://billsequipment.mydomain.com/safetyequipment.htm","https://billsequipment.mydomain.com/images/gemtor/932.gif","src","images/gemtor/932.gif"
"https://billsequipment.mydomain.com/safetyequipment.htm","https://billsequipment.mydomain.com/images/gemtor/933.gif","unquoted-src","images/gemtor/933.gif"
"https://billsequipment.mydomain.com/safetyequipment.htm","https://billsequipment.mydomain.com/images/gemtor/955h.gif","unquoted-src","images/gemtor/955h.gif"
"https://billsequipment.mydomain.com/safetyequipment.htm","https://billsequipment.mydomain.com/images/gemtor/RL8.gif","unquoted-src","images/gemtor/RL8.gif"
"https://billsequipment.mydomain.com/safetyequipment.htm","https://billsequipment.mydomain.com/images/gemtor/sl1101el_nb.gif","unquoted-src","images/gemtor/sl1101el_nb.gif"
"https://billsequipment.mydomain.com/safetyequipment.htm","https://billsequipment.mydomain.com/images/gemtor/SL2.gif","src","images/gemtor/SL2.gif"
"https://billsequipment.mydomain.com/safetyequipment.htm","https://billsequipment.mydomain.com/images/gemtor/sp1101l_nb.gif","unquoted-src","images/gemtor/sp1101l_nb.gif"
"https://billsequipment.mydomain.com/safetyequipment.htm","https://billsequipment.mydomain.com/images/gemtor/sp202l_nb.gif","src","images/gemtor/sp202l_nb.gif"
"https://billsequipment.mydomain.com/safetyequipment.htm","https://billsequipment.mydomain.com/images/gemtor/sp2215l_nb.gif","unquoted-src","images/gemtor/sp2215l_nb.gif"
"https://billsequipment.mydomain.com/safetyequipment.htm","https://billsequipment.mydomain.com/images/gemtor/srl.gif","src","images/gemtor/srl.gif"
"https://billsequipment.mydomain.com/safetyequipment.htm","https://billsequipment.mydomain.com/images/gemtor/SWL.gif","src","images/gemtor/SWL.gif"
"https://billsequipment.mydomain.com/safetyequipment.htm","https://billsequipment.mydomain.com/images/gemtor/VF505.jpg","src","images/gemtor/VF505.jpg"
"https://billsequipment.mydomain.com/safetyequipment.htm","https://billsequipment.mydomain.com/images/gemtor/VF505WL.jpg","unquoted-src","images/gemtor/VF505WL.jpg"
"https://billsequipment.mydomain.com/safetyequipment.htm","https://billsequipment.mydomain.com/images/gemtor/VW655.jpg","unquoted-src","images/gemtor/VW655.jpg"
"https://billsequipment.mydomain.com/aeriallifts.htm","https://billsequipment.mydomain.com/images/genie/awp.jpg","unquoted-src","images/genie/awp.jpg"
"https://billsequipment.mydomain.com/genie.htm","https://billsequipment.mydomain.com/images/genie/gs1930.jpg","unquoted-src","images/genie/gs1930.jpg"
"https://billsequipment.mydomain.com/aeriallifts.htm","https://billsequipment.mydomain.com/images/genie/gs2032.jpg","unquoted-src","images/genie/gs2032.jpg"
"https://billsequipment.mydomain.com/genie.htm","https://billsequipment.mydomain.com/images/genie/gs2632.jpg","src","images/genie/gs2632.jpg"
"https://billsequipment.mydomain.com/genie.htm","https://billsequipment.mydomain.com/images/genie/gs3246.jpg","src","images/genie/gs3246.jpg"
"https://billsequipment.mydomain.com/aeriallifts.htm","https://billsequipment.mydomain.com/images/genie/gs4390.jpg","src","images/genie/gs4390.jpg"
"https://billsequipment.mydomain.com/genie.htm","https://billsequipment.mydomain.com/images/genie/s100.jpg","unquoted-src","images/genie/s100.jpg"
"https://billsequipment.mydomain.com/aeriallifts.htm","https://billsequipment.mydomain.com/images/genie/s120.jpg","unquoted-src","images/genie/s120.jpg"
"https://billsequipment.mydomain.com/genie.htm","https://billsequipment.mydomain.com/images/genie/s80.jpg","src","images/genie/s80.jpg"
"https://billsequipment.mydomain.com/genie.htm","https://billsequipment.mydomain.com/images/genie/slc-24.jpg","src","images/genie/slc-24.jpg"
"https://billsequipment.mydomain.com/genie.htm","https://billsequipment.mydomain.com/images/genie/tz34.jpg","unquoted-src","images/genie/tz34.jpg"
"https://billsequipment.mydomain.com/genie.htm","https://billsequipment.mydomain.com/images/genie/z45.jpg","unquoted-src","images/genie/z45.jpg"
"https://billsequipment.mydomain.com/genie.htm","https://billsequipment.mydomain.com/images/genie/z60.jpg","src","images/genie/z60.jpg"
"https://billsequipment.mydomain.com/hardwareshop.htm","https://billsequipment.mydomain.com/images/hardwareshop/1.jpg","src","images/hardwareshop/1.jpg"
"https://billsequipment.mydomain.com/hardwareshop.htm","https://billsequipment.mydomain.com/images/hardwareshop/2.jpg","src","images/hardwareshop/2.jpg"
"https://billsequipment.mydomain.com/hardwareshop.htm","https://billsequipment.mydomain.com/images/hardwareshop/3.jpg","unquoted-src","images/hardwareshop/3.jpg"
"https://billsequipment.mydomain.com/aircompressors.htm","https://billsequipment.mydomain.com/images/header2.jpg","unquoted-src","images/header2.jpg"
"https://billsequipment.mydomain.com/honda.htm","https://billsequipment.mydomain.com/images/honda/357a.gif","unquoted-src","images/honda/357a.gif"
"https://billsequipment.mydomain.com/honda.htm","https://billsequipment.mydomain.com/images/honda/360a.gif","src","images/honda/360a.gif"
"https://billsequipment.mydomain.com/honda.htm","https://billsequipment.mydomain.com/images/honda/377a.gif","unquoted-src","images/honda/377a.gif"
"https://billsequipment.mydomain.com/honda.htm","https://billsequipment.mydomain.com/images/honda/ah230.gif","src","images/honda/ah230.gif"
"https://billsequipment.mydomain.com/honda.htm","https://billsequipment.mydomain.com/images/honda/EC7500.gif","src","images/honda/EC7500.gif"
"https://billsequipment.mydomain.com/honda.htm","https://billsequipment.mydomain.com/images/honda/ef1000.gif","src","images/honda/ef1000.gif"
"https://billsequipment.mydomain.com/honda.htm","https://billsequipment.mydomain.com/images/honda/ef12000.gif","src","images/honda/ef12000.gif"
"https://billsequipment.mydomain.com/honda.htm","https://billsequipment.mydomain.com/images/honda/ef4600.gif","src","images/honda/ef4600.gif"
"https://billsequipment.mydomain.com/honda.htm","https://billsequipment.mydomain.com/images/honda/ef6600.gif","unquoted-src","images/honda/ef6600.gif"
"https://billsequipment.mydomain.com/honda.htm","https://billsequipment.mydomain.com/images/honda/eg2500-150.gif","unquoted-src","images/honda/eg2500-150.gif"
"https://billsequipment.mydomain.com/honda.htm","https://billsequipment.mydomain.com/images/honda/eu1000-150.gif","src","images/honda/eu1000-150.gif"
"https://billsequipment.mydomain.com/honda.htm","https://billsequipment.mydomain.com/images/honda/GX160.gif","src","images/honda/GX160.gif"
"https://billsequipment.mydomain.com/honda.htm","https://billsequipment.mydomain.com/images/honda/GX240.gif","src","images/honda/GX240.gif"
"https://billsequipment.mydomain.com/honda.htm","https://billsequipment.mydomain.com/images/honda/GX390.gif","unquoted-src","images/honda/GX390.gif"
"https://billsequipment.mydomain.com/honda.htm","https://billsequipment.mydomain.com/images/honda/prod_300S.gif","unquoted-src","images/honda/prod_300S.gif"
"https://billsequipment.mydomain.com/honda.htm","https://billsequipment.mydomain.com/images/honda/prod_488.gif","unquoted-src","images/honda/prod_488.gif"
"https://billsequipment.mydomain.com/honda.htm","https://billsequipment.mydomain.com/images/honda/prod_757.gif","unquoted-src","images/honda/prod_757.gif"
"https://billsequipment.mydomain.com/honda.htm","https://billsequipment.mydomain.com/images/honda/prod_T350.gif","src","images/honda/prod_T350.gif"
"https://billsequipment.mydomain.com/honda.htm","https://billsequipment.mydomain.com/images/honda/sp210.gif","unquoted-src","images/honda/sp210.gif"
"https://billsequipment.mydomain.com/honda.htm","https://billsequipment.mydomain.com/images/honda/sp300.gif","src","images/honda/sp300.gif"
"https://billsequipment.mydomain.com/honda.htm","https://billsequipment.mydomain.com/images/honda/sp415.gif","unquoted-src","images/honda/sp415.gif"
"https://billsequipment.mydomain.com/honda.htm","https://billsequipment.mydomain.com/images/honda/t231.gif","unquoted-src","images/honda/t231.gif"
"https://billsequipment.mydomain.com/honda.htm","https://billsequipment.mydomain.com/images/honda/T261.gif","unquoted-src","images/honda/T261.gif"
"https://billsequipment.mydomain.com/honda.htm","https://billsequipment.mydomain.com/images/honda/T272X-Model-view-A.gif","src","images/honda/T272X-Model-view-A.gif"
"https://billsequipment.mydomain.com/honda.htm","https://billsequipment.mydomain.com/images/honda/wmp20-150.gif","unquoted-src","images/honda/wmp20-150.gif"
"https://billsequipment.mydomain.com/honda.htm","https://billsequipment.mydomain.com/images/honda/wx10-150.gif","src","images/honda/wx10-150.gif"
"https://billsequipment.mydomain.com/kraft.htm","https://billsequipment.mydomain.com/images/kraft/bricktrowels.gif","src","images/kraft/bricktrowels.gif"
"https://billsequipment.mydomain.com/kraft.htm","https://billsequipment.mydomain.com/images/kraft/con_big_d_float.gif","unquoted-src","images/kraft/con_big_d_float.gif"
"https://billsequipment.mydomain.com/kraft.htm","https://billsequipment.mydomain.com/images/kraft/con_bronze_edger.gif","unquoted-src","images/kraft/con_bronze_edger.gif"
"https://billsequipment.mydomain.com/kraft.htm","https://billsequipment.mydomain.com/images/kraft/con_bronze_groover.gif","unquoted-src","images/kraft/con_bronze_groover.gif"
"https://billsequipment.mydomain.com/kraft.htm","https://billsequipment.mydomain.com/images/kraft/con_concrete_spread.gif","src","images/kraft/con_concrete_spread.gif"
"https://billsequipment.mydomain.com/kraft.htm","https://billsequipment.mydomain.com/images/kraft/con_concrete_stamp.gif","unquoted-src","images/kraft/con_concrete_stamp.gif"
"https://billsequipment.mydomain.com/kraft.htm","https://billsequipment.mydomain.com/images/kraft/con_ext_handle.jpg","src","images/kraft/con_ext_handle.jpg"
"https://billsequipment.mydomain.com/finishers.htm","https://billsequipment.mydomain.com/images/kraft/con_finish_broom.gif","unquoted-src","images/kraft/con_finish_broom.gif"
"https://billsequipment.mydomain.com/kraft.htm","https://billsequipment.mydomain.com/images/kraft/con_float_pan.jpg","src","images/kraft/con_float_pan.jpg"
"https://billsequipment.mydomain.com/kraft.htm","https://billsequipment.mydomain.com/images/kraft/con_fresno_trowel.gif","src","images/kraft/con_fresno_trowel.gif"
"https://billsequipment.mydomain.com/finishers.htm","https://billsequipment.mydomain.com/images/kraft/con_front_trowels.gif","unquoted-src","images/kraft/con_front_trowels.gif"
"https://billsequipment.mydomain.com/kraft.htm","https://billsequipment.mydomain.com/images/kraft/con_hand_edger.gif","unquoted-src","images/kraft/con_hand_edger.gif"
"https://billsequipment.mydomain.com/kraft.htm","https://billsequipment.mydomain.com/images/kraft/con_mag_asph_lute.gif","src","images/kraft/con_mag_asph_lute.gif"
"https://billsequipment.mydomain.com/kraft.htm","https://billsequipment.mydomain.com/images/kraft/con_mag_bull_float.gif","src","images/kraft/con_mag_bull_float.gif"
"https://billsequipment.mydomain.com/kraft.htm","https://billsequipment.mydomain.com/images/kraft/con_mag_hand_float.gif","unquoted-src","images/kraft/con_mag_hand_float.gif"
"https://billsequipment.mydomain.com/kraft.htm","https://billsequipment.mydomain.com/images/kraft/con_release_agent.gif","unquoted-src","images/kraft/con_release_agent.gif"
"https://billsequipment.mydomain.com/kraft.htm","https://billsequipment.mydomain.com/images/kraft/con_replace_blades.gif","unquoted-src","images/kraft/con_replace_blades.gif"
"https://billsequipment.mydomain.com/kraft.htm","https://billsequipment.mydomain.com/images/kraft/con_screed.gif","unquoted-src","images/kraft/con_screed.gif"
"https://billsequipment.mydomain.com/kraft.htm","https://billsequipment.mydomain.com/images/kraft/con_steel_fresno.gif","src","images/kraft/con_steel_fresno.gif"
"https://billsequipment.mydomain.com/kraft.htm","https://billsequipment.mydomain.com/images/kraft/con_texture_map.gif","unquoted-src","images/kraft/con_texture_map.gif"
"https://billsequipment.mydomain.com/kraft.htm","https://billsequipment.mydomain.com/images/kraft/p_compressor.gif","src","images/kraft/p_compressor.gif"
"https://billsequipment.mydomain.com/kraft.htm","https://billsequipment.mydomain.com/images/kraft/p_gun_hopper.gif","unquoted-src","images/kraft/p_gun_hopper.gif"
"https://billsequipment.mydomain.com/kraft.htm","https://billsequipment.mydomain.com/images/kraft/pmortar_box.gif","unquoted-src","images/kraft/pmortar_box.gif"
"https://billsequipment.mydomain.com/kubota.htm","https://billsequipment.mydomain.com/images/kubota/KX121-3.jpg","unquoted-src","images/kubota/KX121-3.jpg"
"https://billsequipment.mydomain.com/kubota.htm","https://billsequipment.mydomain.com/images/kubota/KX161-3.jpg","src","images/kubota/KX161-3.jpg"
"https://billsequipment.mydomain.com/kubota.htm","https://billsequipment.mydomain.com/images/kubota/KX91-3.jpg","src","images/kubota/KX91-3.jpg"
"https://billsequipment.mydomain.com/kubota.htm","https://billsequipment.mydomain.com/images/kubota/RTV900.jpg","unquoted-src","images/kubota/RTV900.jpg"
"https://billsequipment.mydomain.com/kubota.htm","https://billsequipment.mydomain.com/images/kubota/RTV900_breaker.jpg","src","images/kubota/RTV900_breaker.jpg"
"https://billsequipment.mydomain.com/kubota.htm","https://billsequipment.mydomain.com/images/kubota/RTV900_chainsaw.jpg","unquoted-src","images/kubota/RTV900_chainsaw.jpg"
"https://billsequipment.mydomain.com/kubota.htm","https://billsequipment.mydomain.com/images/kubota/RTV900_diamondchainsaw.jpg","src","images/kubota/RTV900_diamondchainsaw.jpg"
"https://billsequipment.mydomain.com/kubota.htm","https://billsequipment.mydomain.com/images/kubota/RTV900_earthauger.jpg","unquoted-src","images/kubota/RTV900_earthauger.jpg"
"https://billsequipment.mydomain.com/kubota.htm","https://billsequipment.mydomain.com/images/kubota/RTV900_polechainsaw.jpg","unquoted-src","images/kubota/RTV900_polechainsaw.jpg"
"https://billsequipment.mydomain.com/kubota.htm","https://billsequipment.mydomain.com/images/kubota/RTV900_postdriver.jpg","unquoted-src","images/kubota/RTV900_postdriver.jpg"
"https://billsequipment.mydomain.com/kubota.htm","https://billsequipment.mydomain.com/images/kubota/RTV900_pruner.jpg","unquoted-src","images/kubota/RTV900_pruner.jpg"
"https://billsequipment.mydomain.com/kubota.htm","https://billsequipment.mydomain.com/images/kubota/RTV900_submersiblepump.jpg","unquoted-src","images/kubota/RTV900_submersiblepump.jpg"
"https://billsequipment.mydomain.com/linosella.htm","https://billsequipment.mydomain.com/images/linosella/hopper","unquoted-src","images/linosella/hopper"
"https://billsequipment.mydomain.com/linosella.htm","https://billsequipment.mydomain.com/images/linosella/hopper%20diesel%20CON%20NOSTRO%20LOGO.jpg","href","images/linosella/hopper diesel CON NOSTRO LOGO.jpg"
"https://billsequipment.mydomain.com/linosella.htm","https://billsequipment.mydomain.com/images/linosella/hopper%20m1000.jpg","src","images/linosella/hopper m1000.jpg"
"https://billsequipment.mydomain.com/linosella.htm","https://billsequipment.mydomain.com/images/linosella/hopper%20s360.jpg","src","images/linosella/hopper s360.jpg"
"https://billsequipment.mydomain.com/concretemixers.htm","https://billsequipment.mydomain.com/images/linosella/hopper%20s520.jpg","src","images/linosella/hopper s520.jpg"
"https://billsequipment.mydomain.com/concretemixers.htm","https://billsequipment.mydomain.com/images/linosella/hopper%20s750.jpg","src","images/linosella/hopper s750.jpg"
"https://billsequipment.mydomain.com/linosella.htm","https://billsequipment.mydomain.com/images/linosella/model","unquoted-src","images/linosella/model"
"https://billsequipment.mydomain.com/linosella.htm","https://billsequipment.mydomain.com/images/linosella/model%20s32.jpg","src","images/linosella/model s32.jpg"
"https://billsequipment.mydomain.com/linosella.htm","https://billsequipment.mydomain.com/images/linosella/model%20s36.jpg","src","images/linosella/model s36.jpg"
"https://billsequipment.mydomain.com/concretemixers.htm","https://billsequipment.mydomain.com/images/linosella/s380_s95.jpg","unquoted-src","images/linosella/s380_s95.jpg"
"https://billsequipment.mydomain.com/lombardini.htm","https://billsequipment.mydomain.com/images/lombardini/66.gif","src","images/lombardini/66.gif"
"https://billsequipment.mydomain.com/makita.htm","https://billsequipment.mydomain.com/images/makita/9069_m.gif","unquoted-src","images/makita/9069_m.gif"
"https://billsequipment.mydomain.com/makita.htm","https://billsequipment.mydomain.com/images/makita/9527nb_m.gif","unquoted-src","images/makita/9527nb_m.gif"
"https://billsequipment.mydomain.com/makita.htm","https://billsequipment.mydomain.com/images/makita/dpc731_m.gif","unquoted-src","images/makita/dpc731_m.gif"
"https://billsequipment.mydomain.com/makita.htm","https://billsequipment.mydomain.com/images/makita/hp2010n_m.gif","src","images/makita/hp2010n_m.gif"
"https://billsequipment.mydomain.com/makita.htm","https://billsequipment.mydomain.com/images/makita/hr3851_m.gif","src","images/makita/hr3851_m.gif"
"https://billsequipment.mydomain.com/makita.htm","https://billsequipment.mydomain.com/images/makita/hr5000_m.gif","src","images/makita/hr5000_m.gif"
"https://billsequipment.mydomain.com/mbw.htm","https://billsequipment.mydomain.com/images/mbw/ap2000.jpg","src","images/mbw/ap2000.jpg"
"https://billsequipment.mydomain.com/mbw.htm","https://billsequipment.mydomain.com/images/mbw/blitz2.jpg","unquoted-src","images/mbw/blitz2.jpg"
"https://billsequipment.mydomain.com/mbw.htm","https://billsequipment.mydomain.com/images/mbw/gp3000.jpg","unquoted-src","images/mbw/gp3000.jpg"
"https://billsequipment.mydomain.com/mbw.htm","https://billsequipment.mydomain.com/images/mbw/gp5500.jpg","src","images/mbw/gp5500.jpg"
"https://billsequipment.mydomain.com/mbw.htm","https://billsequipment.mydomain.com/images/mbw/gpr6568.jpg","unquoted-src","images/mbw/gpr6568.jpg"
"https://billsequipment.mydomain.com/mbw.htm","https://billsequipment.mydomain.com/images/mbw/mixer_a.jpg","src","images/mbw/mixer_a.jpg"
"https://billsequipment.mydomain.com/mbw.htm","https://billsequipment.mydomain.com/images/mbw/mixer_b.jpg","unquoted-src","images/mbw/mixer_b.jpg"
"https://billsequipment.mydomain.com/mbw.htm","https://billsequipment.mydomain.com/images/mbw/walkbehindpowertrowels.jpg","unquoted-src","images/mbw/walkbehindpowertrowels.jpg"
"https://billsequipment.mydomain.com/safetyequipment.htm","https://billsequipment.mydomain.com/images/Mechanix/mechanix.jpg","src","images/Mechanix/mechanix.jpg"
"https://billsequipment.mydomain.com/safetyequipment.htm","https://billsequipment.mydomain.com/images/Mechanix/mfl-05.jpg","unquoted-src","images/Mechanix/mfl-05.jpg"
"https://billsequipment.mydomain.com/safetyequipment.htm","https://billsequipment.mydomain.com/images/Mechanix/mmp-02.jpg","unquoted-src","images/Mechanix/mmp-02.jpg"
"https://billsequipment.mydomain.com/safetyequipment.htm","https://billsequipment.mydomain.com/images/Mechanix/mmp-03.jpg","src","images/Mechanix/mmp-03.jpg"
"https://billsequipment.mydomain.com/safetyequipment.htm","https://billsequipment.mydomain.com/images/Mechanix/mmp-05.jpg","src","images/Mechanix/mmp-05.jpg"
"https://billsequipment.mydomain.com/miller.htm","https://billsequipment.mydomain.com/images/miller/1050.gif","src","images/miller/1050.gif"
"https://billsequipment.mydomain.com/miller.htm","https://billsequipment.mydomain.com/images/miller/mb11.gif","src","images/miller/mb11.gif"
"https://billsequipment.mydomain.com/miller.htm","https://billsequipment.mydomain.com/images/miller/mb16.gif","unquoted-src","images/miller/mb16.gif"
"https://billsequipment.mydomain.com/miller.htm","https://billsequipment.mydomain.com/images/miller/mc250.gif","unquoted-src","images/miller/mc250.gif"
"https://billsequipment.mydomain.com/miller.htm","https://billsequipment.mydomain.com/images/miller/mc550.gif","src","images/miller/mc550.gif"
"https://billsequipment.mydomain.com/miller.htm","https://billsequipment.mydomain.com/images/miller/mtb16.gif","unquoted-src","images/miller/mtb16.gif"
"https://billsequipment.mydomain.com/milwaukee.htm","https://billsequipment.mydomain.com/images/milwaukee/4115-22.jpg","src","images/milwaukee/4115-22.jpg"
"https://billsequipment.mydomain.com/milwaukee.htm","https://billsequipment.mydomain.com/images/milwaukee/4208-1.jpg","src","images/milwaukee/4208-1.jpg"
"https://billsequipment.mydomain.com/milwaukee.htm","https://billsequipment.mydomain.com/images/milwaukee/4209-1.jpg","unquoted-src","images/milwaukee/4209-1.jpg"
"https://billsequipment.mydomain.com/milwaukee.htm","https://billsequipment.mydomain.com/images/milwaukee/4210-1.jpg","src","images/milwaukee/4210-1.jpg"
"https://billsequipment.mydomain.com/milwaukee.htm","https://billsequipment.mydomain.com/images/milwaukee/6140-6.jpg","unquoted-src","images/milwaukee/6140-6.jpg"
"https://billsequipment.mydomain.com/milwaukee.htm","https://billsequipment.mydomain.com/images/milwaukee/6141.jpg","unquoted-src","images/milwaukee/6141.jpg"
"https://billsequipment.mydomain.com/milwaukee.htm","https://billsequipment.mydomain.com/images/milwaukee/6509-22.jpg","unquoted-src","images/milwaukee/6509-22.jpg"
"https://billsequipment.mydomain.com/milwaukee.htm","https://billsequipment.mydomain.com/images/milwaukee/6521-21.jpg","src","images/milwaukee/6521-21.jpg"
"https://billsequipment.mydomain.com/multiquip.htm","https://billsequipment.mydomain.com/images/multiquip/BC-25.gif","unquoted-src","images/multiquip/BC-25.gif"
"https://billsequipment.mydomain.com/multiquip.htm","https://billsequipment.mydomain.com/images/multiquip/BLW-400SSW.gif","src","images/multiquip/BLW-400SSW.gif"
"https://billsequipment.mydomain.com/concretepumps.htm","https://billsequipment.mydomain.com/images/multiquip/c30hdn.jpg","unquoted-src","images/multiquip/c30hdn.jpg"
"https://billsequipment.mydomain.com/multiquip.htm","https://billsequipment.mydomain.com/images/multiquip/em-120s.gif","unquoted-src","images/multiquip/em-120s.gif"
"https://billsequipment.mydomain.com/multiquip.htm","https://billsequipment.mydomain.com/images/multiquip/glw180.gif","src","images/multiquip/glw180.gif"
"https://billsequipment.mydomain.com/rebarcuttersbenders.htm","https://billsequipment.mydomain.com/images/multiquip/Hbc-19.gif","unquoted-src","images/multiquip/Hbc-19.gif"
"https://billsequipment.mydomain.com/multiquip.htm","https://billsequipment.mydomain.com/images/multiquip/HD-series.gif","unquoted-src","images/multiquip/HD-series.gif"
"https://billsequipment.mydomain.com/multiquip.htm","https://billsequipment.mydomain.com/images/multiquip/HP-serieswalktrowel.gif","src","images/multiquip/HP-serieswalktrowel.gif"
"https://billsequipment.mydomain.com/concretepumps.htm","https://billsequipment.mydomain.com/images/multiquip/ls-40.gif","unquoted-src","images/multiquip/ls-40.gif"
"https://billsequipment.mydomain.com/rebarcuttersbenders.htm","https://billsequipment.mydomain.com/images/multiquip/MB-25HD.gif","unquoted-src","images/multiquip/MB-25HD.gif"
"https://billsequipment.mydomain.com/multiquip.htm","https://billsequipment.mydomain.com/images/multiquip/mg30.gif","src","images/multiquip/mg30.gif"
"https://billsequipment.mydomain.com/multiquip.htm","https://billsequipment.mydomain.com/images/multiquip/mse.jpg","src","images/multiquip/mse.jpg"
"https://billsequipment.mydomain.com/multiquip.htm","https://billsequipment.mydomain.com/images/multiquip/Mvc88.gif","src","images/multiquip/Mvc88.gif"
"https://billsequipment.mydomain.com/multiquip.htm","https://billsequipment.mydomain.com/images/multiquip/MVC-90H.gif","src","images/multiquip/MVC-90H.gif"
"https://billsequipment.mydomain.com/multiquip.htm","https://billsequipment.mydomain.com/images/multiquip/MVH-120.gif","unquoted-src","images/multiquip/MVH-120.gif"
"https://billsequipment.mydomain.com/multiquip.htm","https://billsequipment.mydomain.com/images/multiquip/MVH-R60.gif","unquoted-src","images/multiquip/MVH-R60.gif"
"https://billsequipment.mydomain.com/multiquip.htm","https://billsequipment.mydomain.com/images/multiquip/SDW225ss1.gif","src","images/multiquip/SDW225ss1.gif"
"https://billsequipment.mydomain.com/multiquip.htm","https://billsequipment.mydomain.com/images/multiquip/TLW-300SS.gif","unquoted-src","images/multiquip/TLW-300SS.gif"
"https://billsequipment.mydomain.com/nedcorp.htm","https://billsequipment.mydomain.com/images/nedcorp/5001-2.jpg","src","images/nedcorp/5001-2.jpg"
"https://billsequipment.mydomain.com/nedcorp.htm","https://billsequipment.mydomain.com/images/nedcorp/drillrig_2001.jpg","unquoted-src","images/nedcorp/drillrig_2001.jpg"
"https://billsequipment.mydomain.com/nedcorp.htm","https://billsequipment.mydomain.com/images/nedcorp/drillrig_3001.jpg","unquoted-src","images/nedcorp/drillrig_3001.jpg"
"https://billsequipment.mydomain.com/nedcorp.htm","https://billsequipment.mydomain.com/images/nedcorp/drybits.jpg","unquoted-src","images/nedcorp/drybits.jpg"
"https://billsequipment.mydomain.com/nedcorp.htm","https://billsequipment.mydomain.com/images/nedcorp/g5blades.jpg","src","images/nedcorp/g5blades.jpg"
"https://billsequipment.mydomain.com/nedcorp.htm","https://billsequipment.mydomain.com/images/nedcorp/hhdrill_2.jpg","unquoted-src","images/nedcorp/hhdrill_2.jpg"
"https://billsequipment.mydomain.com/about.htm","https://billsequipment.mydomain.com/images/outside.jpg","unquoted-src","images/outside.jpg"
"https://billsequipment.mydomain.com/oztec.htm","https://billsequipment.mydomain.com/images/oztec/e_power_chart.gif","unquoted-src","images/oztec/e_power_chart.gif"
"https://billsequipment.mydomain.com/oztec.htm","https://billsequipment.mydomain.com/images/oztec/e_power_drop_test.gif","src","images/oztec/e_power_drop_test.gif"
"https://billsequipment.mydomain.com/oztec.htm","https://billsequipment.mydomain.com/images/oztec/e_power_man.gif","unquoted-src","images/oztec/e_power_man.gif"
"https://billsequipment.mydomain.com/oztec.htm","https://billsequipment.mydomain.com/images/oztec/e_power_motor_ul.gif","unquoted-src","images/oztec/e_power_motor_ul.gif"
"https://billsequipment.mydomain.com/oztec.htm","https://billsequipment.mydomain.com/images/oztec/flex_quick_disconnect.jpg","src","images/oztec/flex_quick_disconnect.jpg"
"https://billsequipment.mydomain.com/oztec.htm","https://billsequipment.mydomain.com/images/oztec/flex_shaft_adapters.gif","src","images/oztec/flex_shaft_adapters.gif"
"https://billsequipment.mydomain.com/oztec.htm","https://billsequipment.mydomain.com/images/oztec/flexible_shafts.gif","unquoted-src","images/oztec/flexible_shafts.gif"
"https://billsequipment.mydomain.com/oztec.htm","https://billsequipment.mydomain.com/images/oztec/flexlube.gif","unquoted-src","images/oztec/flexlube.gif"
"https://billsequipment.mydomain.com/oztec.htm","https://billsequipment.mydomain.com/images/oztec/pencilhead.gif","src","images/oztec/pencilhead.gif"
"https://billsequipment.mydomain.com/oztec.htm","https://billsequipment.mydomain.com/images/oztec/rubber_tips.gif","src","images/oztec/rubber_tips.gif"
"https://billsequipment.mydomain.com/oztec.htm","https://billsequipment.mydomain.com/images/oztec/steel_chart.gif","unquoted-src","images/oztec/steel_chart.gif"
"https://billsequipment.mydomain.com/oztec.htm","https://billsequipment.mydomain.com/images/oztec/steelhead.gif","unquoted-src","images/oztec/steelhead.gif"
"https://billsequipment.mydomain.com/pressure-pro.htm","https://billsequipment.mydomain.com/images/pressure-pro/3525EA-230.gif","unquoted-src","images/pressure-pro/3525EA-230.gif"
"https://billsequipment.mydomain.com/pressure-pro.htm","https://billsequipment.mydomain.com/images/pressure-pro/6012-10.gif","unquoted-src","images/pressure-pro/6012-10.gif"
"https://billsequipment.mydomain.com/pressure-pro.htm","https://billsequipment.mydomain.com/images/pressure-pro/B4040E3G302.gif","src","images/pressure-pro/B4040E3G302.gif"
"https://billsequipment.mydomain.com/pressure-pro.htm","https://billsequipment.mydomain.com/images/pressure-pro/B5540HAEA309.gif","src","images/pressure-pro/B5540HAEA309.gif"
"https://billsequipment.mydomain.com/pressure-pro.htm","https://billsequipment.mydomain.com/images/pressure-pro/DD4035HG.gif","unquoted-src","images/pressure-pro/DD4035HG.gif"
"https://billsequipment.mydomain.com/pressure-pro.htm","https://billsequipment.mydomain.com/images/pressure-pro/DVB3540HA302.gif","unquoted-src","images/pressure-pro/DVB3540HA302.gif"
"https://billsequipment.mydomain.com/pressure-pro.htm","https://billsequipment.mydomain.com/images/pressure-pro/EB2035G.gif","src","images/pressure-pro/EB2035G.gif"
"https://billsequipment.mydomain.com/pressure-pro.htm","https://billsequipment.mydomain.com/images/pressure-pro/EE2015A.gif","src","images/pressure-pro/EE2015A.gif"
"https://billsequipment.mydomain.com/pressure-pro.htm","https://billsequipment.mydomain.com/images/pressure-pro/HBSLP50.gif","unquoted-src","images/pressure-pro/HBSLP50.gif"
"https://billsequipment.mydomain.com/pressure-pro.htm","https://billsequipment.mydomain.com/images/pressure-pro/SP2700RA.gif","src","images/pressure-pro/SP2700RA.gif"
"https://billsequipment.mydomain.com/robotoolz.htm","https://billsequipment.mydomain.com/images/robotoolz/2210.gif","unquoted-src","images/robotoolz/2210.gif"
"https://billsequipment.mydomain.com/robotoolz.htm","https://billsequipment.mydomain.com/images/robotoolz/2350.gif","unquoted-src","images/robotoolz/2350.gif"
"https://billsequipment.mydomain.com/robotoolz.htm","https://billsequipment.mydomain.com/images/robotoolz/250.gif","unquoted-src","images/robotoolz/250.gif"
"https://billsequipment.mydomain.com/robotoolz.htm","https://billsequipment.mydomain.com/images/robotoolz/2710.gif","src","images/robotoolz/2710.gif"
"https://billsequipment.mydomain.com/robotoolz.htm","https://billsequipment.mydomain.com/images/robotoolz/3620.gif","unquoted-src","images/robotoolz/3620.gif"
"https://billsequipment.mydomain.com/robotoolz.htm","https://billsequipment.mydomain.com/images/robotoolz/7690.gif","unquoted-src","images/robotoolz/7690.gif"
"https://billsequipment.mydomain.com/sprayforce.htm","https://billsequipment.mydomain.com/images/sprayforce/aurora.gif","unquoted-src","images/sprayforce/aurora.gif"
"https://billsequipment.mydomain.com/sprayforce.htm","https://billsequipment.mydomain.com/images/sprayforce/cyclone-488-xr-hopper-3.jpg","unquoted-src","images/sprayforce/cyclone-488-xr-hopper-3.jpg"
"https://billsequipment.mydomain.com/sprayforce.htm","https://billsequipment.mydomain.com/images/sprayforce/hurricane-170.gif","src","images/sprayforce/hurricane-170.gif"
"https://billsequipment.mydomain.com/sprayforce.htm","https://billsequipment.mydomain.com/images/sprayforce/hurricane-225.gif","src","images/sprayforce/hurricane-225.gif"
"https://billsequipment.mydomain.com/sprayforce.htm","https://billsequipment.mydomain.com/images/sprayforce/hurricane-350.jpg","src","images/sprayforce/hurricane-350.jpg"
"https://billsequipment.mydomain.com/sprayforce.htm","https://billsequipment.mydomain.com/images/sprayforce/texan.gif","src","images/sprayforce/texan.gif"
"https://billsequipment.mydomain.com/sprayforce.htm","https://billsequipment.mydomain.com/images/sprayforce/twister.gif","src","images/sprayforce/twister.gif"
"https://billsequipment.mydomain.com/stihl.htm","https://billsequipment.mydomain.com/images/stihl/diamondwheels.gif","unquoted-src","images/stihl/diamondwheels.gif"
"https://billsequipment.mydomain.com/stihl.htm","https://billsequipment.mydomain.com/images/stihl/stihlgraph.jpg","unquoted-src","images/stihl/stihlgraph.jpg"
"https://billsequipment.mydomain.com/stihl.htm","https://billsequipment.mydomain.com/images/stihl/ts400.gif","src","images/stihl/ts400.gif"
"https://billsequipment.mydomain.com/stihl.htm","https://billsequipment.mydomain.com/images/stihl/ts420.jpg","src","images/stihl/ts420.jpg"
"https://billsequipment.mydomain.com/stihl.htm","https://billsequipment.mydomain.com/images/stihl/ts700.jpg","src","images/stihl/ts700.jpg"
"https://billsequipment.mydomain.com/stihl.htm","https://billsequipment.mydomain.com/images/stihl/ts760.gif","src","images/stihl/ts760.gif"
"https://billsequipment.mydomain.com/stone.htm","https://billsequipment.mydomain.com/images/stonemixers/125cm.jpg","src","images/stonemixers/125cm.jpg"
"https://billsequipment.mydomain.com/stone.htm","https://billsequipment.mydomain.com/images/stonemixers/1285pm.jpg","unquoted-src","images/stonemixers/1285pm.jpg"
"https://billsequipment.mydomain.com/concretemixers.htm","https://billsequipment.mydomain.com/images/stonemixers/855pm.jpg","src","images/stonemixers/855pm.jpg"
"https://billsequipment.mydomain.com/concretemixers.htm","https://billsequipment.mydomain.com/images/stonemixers/95cm.jpg","unquoted-src","images/stonemixers/95cm.jpg"
"https://billsequipment.mydomain.com/stone.htm","https://billsequipment.mydomain.com/images/stonemixers/cs1.jpg","unquoted-src","images/stonemixers/cs1.jpg"
"https://billsequipment.mydomain.com/stone.htm","https://billsequipment.mydomain.com/images/stonemixers/cs2.jpg","unquoted-src","images/stonemixers/cs2.jpg"
"https://billsequipment.mydomain.com/stone.htm","https://billsequipment.mydomain.com/images/stonemixers/ms1.jpg","src","images/stonemixers/ms1.jpg"
"https://billsequipment.mydomain.com/stone.htm","https://billsequipment.mydomain.com/images/stonemixers/ms1_large.jpg","href","images/stonemixers/ms1_large.jpg"
"https://billsequipment.mydomain.com/stone.htm","https://billsequipment.mydomain.com/images/stonemixers/ms2.jpg","src","images/stonemixers/ms2.jpg"
"https://billsequipment.mydomain.com/stone.htm","https://billsequipment.mydomain.com/images/stonemixers/ms2_large.jpg","href","images/stonemixers/ms2_large.jpg"
"https://billsequipment.mydomain.com/sullair.htm","https://billsequipment.mydomain.com/images/sullair/MCH2.jpg","src","images/sullair/MCH2.jpg"
"https://billsequipment.mydomain.com/sullair.htm","https://billsequipment.mydomain.com/images/sullair/mch3.gif","src","images/sullair/mch3.gif"
"https://billsequipment.mydomain.com/sullair.htm","https://billsequipment.mydomain.com/images/sullair/mch4.gif","src","images/sullair/mch4.gif"
"https://billsequipment.mydomain.com/sullair.htm","https://billsequipment.mydomain.com/images/sullair/md1050.gif","unquoted-src","images/sullair/md1050.gif"
"https://billsequipment.mydomain.com/sullair.htm","https://billsequipment.mydomain.com/images/sullair/md125.gif","unquoted-src","images/sullair/md125.gif"
"https://billsequipment.mydomain.com/sullair.htm","https://billsequipment.mydomain.com/images/sullair/md130.gif","unquoted-src","images/sullair/md130.gif"
"https://billsequipment.mydomain.com/sullair.htm","https://billsequipment.mydomain.com/images/sullair/md1600.gif","src","images/sullair/md1600.gif"
"https://billsequipment.mydomain.com/sullair.htm","https://billsequipment.mydomain.com/images/sullair/md185.gif","src","images/sullair/md185.gif"
"https://billsequipment.mydomain.com/aircompressors.htm","https://billsequipment.mydomain.com/images/sullair/md1900.jpg","src","images/sullair/md1900.jpg"
"https://billsequipment.mydomain.com/sullair.htm","https://billsequipment.mydomain.com/images/sullair/md375.gif","unquoted-src","images/sullair/md375.gif"
"https://billsequipment.mydomain.com/sullair.htm","https://billsequipment.mydomain.com/images/sullair/md750.gif","unquoted-src","images/sullair/md750.gif"
"https://billsequipment.mydomain.com/sullair.htm","https://billsequipment.mydomain.com/images/sullair/md900.gif","src","images/sullair/md900.gif"
"https://billsequipment.mydomain.com/sullair.htm","https://billsequipment.mydomain.com/images/sullair/MPB35C.gif","src","images/sullair/MPB35C.gif"
"https://billsequipment.mydomain.com/sullair.htm","https://billsequipment.mydomain.com/images/sullair/MPB60A.gif","unquoted-src","images/sullair/MPB60A.gif"
"https://billsequipment.mydomain.com/sullair.htm","https://billsequipment.mydomain.com/images/sullair/MPB90A.gif","unquoted-src","images/sullair/MPB90A.gif"
"https://billsequipment.mydomain.com/sullair.htm","https://billsequipment.mydomain.com/images/sullair/MRD40.gif","unquoted-src","images/sullair/MRD40.gif"
"https://billsequipment.mydomain.com/sullair.htm","https://billsequipment.mydomain.com/images/sullair/MRD50.jpg","unquoted-src","images/sullair/MRD50.jpg"
"https://billsequipment.mydomain.com/sullair.htm","https://billsequipment.mydomain.com/images/sullair/MRD55.gif","unquoted-src","images/sullair/MRD55.gif"
"https://billsequipment.mydomain.com/sullair.htm","https://billsequipment.mydomain.com/images/sullair/tampers.gif","unquoted-src","images/sullair/tampers.gif"
"https://billsequipment.mydomain.com/tsurumi.htm","https://billsequipment.mydomain.com/images/tsurumi/EPT2-100DD.jpg","unquoted-src","images/tsurumi/EPT2-100DD.jpg"
"https://billsequipment.mydomain.com/tsurumi.htm","https://billsequipment.mydomain.com/images/tsurumi/ept2-50ha.jpg","src","images/tsurumi/ept2-50ha.jpg"
"https://billsequipment.mydomain.com/tsurumi.htm","https://billsequipment.mydomain.com/images/tsurumi/hs2.jpg","src","images/tsurumi/hs2.jpg"
"https://billsequipment.mydomain.com/tsurumi.htm","https://billsequipment.mydomain.com/images/tsurumi/LB2-400.jpg","unquoted-src","images/tsurumi/LB2-400.jpg"
"https://billsequipment.mydomain.com/tsurumi.htm","https://billsequipment.mydomain.com/images/tsurumi/LB3-750.jpg","unquoted-src","images/tsurumi/LB3-750.jpg"
"https://billsequipment.mydomain.com/tsurumi.htm","https://billsequipment.mydomain.com/images/tsurumi/TD3.jpg","src","images/tsurumi/TD3.jpg"
"https://billsequipment.mydomain.com/tsurumi.htm","https://billsequipment.mydomain.com/images/tsurumi/TE2-80HA.jpg","unquoted-src","images/tsurumi/TE2-80HA.jpg"
"https://billsequipment.mydomain.com/tsurumi.htm","https://billsequipment.mydomain.com/images/tsurumi/tpg5500.jpg","src","images/tsurumi/tpg5500.jpg"
"https://billsequipment.mydomain.com/stihl.htm","https://billsequipment.mydomain.com/images/ussaws/US","unquoted-src","images/ussaws/US"
"https://billsequipment.mydomain.com/stihl.htm","https://billsequipment.mydomain.com/images/ussaws/US%20Saws%20-%20800pix.jpg","src","images/ussaws/US Saws - 800pix.jpg"
"https://billsequipment.mydomain.com/wacker.htm","https://billsequipment.mydomain.com/images/wacker/a3000.jpg","src","images/wacker/a3000.jpg"
"https://billsequipment.mydomain.com/wacker.htm","https://billsequipment.mydomain.com/images/wacker/bh23.jpg","src","images/wacker/bh23.jpg"
"https://billsequipment.mydomain.com/wacker.htm","https://billsequipment.mydomain.com/images/wacker/bpu2540a.gif","unquoted-src","images/wacker/bpu2540a.gif"
"https://billsequipment.mydomain.com/wacker.htm","https://billsequipment.mydomain.com/images/wacker/bpu3050.gif","unquoted-src","images/wacker/bpu3050.gif"
"https://billsequipment.mydomain.com/wacker.htm","https://billsequipment.mydomain.com/images/wacker/bs50.jpg","src","images/wacker/bs50.jpg"
"https://billsequipment.mydomain.com/wacker.htm","https://billsequipment.mydomain.com/images/wacker/bs52y.jpg","src","images/wacker/bs52y.jpg"
"https://billsequipment.mydomain.com/wacker.htm","https://billsequipment.mydomain.com/images/wacker/bs60.jpg","src","images/wacker/bs60.jpg"
"https://billsequipment.mydomain.com/wacker.htm","https://billsequipment.mydomain.com/images/wacker/bs70.jpg","src","images/wacker/bs70.jpg"
"https://billsequipment.mydomain.com/wacker.htm","https://billsequipment.mydomain.com/images/wacker/bts%20930.jpg","unquoted-src","images/wacker/bts%20930.jpg"
"https://billsequipment.mydomain.com/wacker.htm","https://billsequipment.mydomain.com/images/wacker/bts1030.jpg","unquoted-src","images/wacker/bts1030.jpg"
"https://billsequipment.mydomain.com/wacker.htm","https://billsequipment.mydomain.com/images/wacker/ct36adp.jpg","unquoted-src","images/wacker/ct36adp.jpg"
"https://billsequipment.mydomain.com/wacker.htm","https://billsequipment.mydomain.com/images/wacker/ct-48%20adp.jpg","src","images/wacker/ct-48%20adp.jpg"
"https://billsequipment.mydomain.com/wacker.htm","https://billsequipment.mydomain.com/images/wacker/eh27.jpg","src","images/wacker/eh27.jpg"
"https://billsequipment.mydomain.com/wacker.htm","https://billsequipment.mydomain.com/images/wacker/ehb7s.jpg","src","images/wacker/ehb7s.jpg"
"https://billsequipment.mydomain.com/wacker.htm","https://billsequipment.mydomain.com/images/wacker/g25.gif","unquoted-src","images/wacker/g25.gif"
"https://billsequipment.mydomain.com/wacker.htm","https://billsequipment.mydomain.com/images/wacker/g25mobile.gif","unquoted-src","images/wacker/g25mobile.gif"
"https://billsequipment.mydomain.com/wacker.htm","https://billsequipment.mydomain.com/images/wacker/g50mobile.gif","unquoted-src","images/wacker/g50mobile.gif"
"https://billsequipment.mydomain.com/wacker.htm","https://billsequipment.mydomain.com/images/wacker/g56.gif","src","images/wacker/g56.gif"
"https://billsequipment.mydomain.com/wacker.htm","https://billsequipment.mydomain.com/images/wacker/light.jpg","src","images/wacker/light.jpg"
"https://billsequipment.mydomain.com/wacker.htm","https://billsequipment.mydomain.com/images/wacker/m1000.jpg","unquoted-src","images/wacker/m1000.jpg"
"https://billsequipment.mydomain.com/wacker.htm","https://billsequipment.mydomain.com/images/wacker/m2000.jpg","src","images/wacker/m2000.jpg"
"https://billsequipment.mydomain.com/wacker.htm","https://billsequipment.mydomain.com/images/wacker/m3000.jpg","unquoted-src","images/wacker/m3000.jpg"
"https://billsequipment.mydomain.com/wacker.htm","https://billsequipment.mydomain.com/images/wacker/pg2.gif","unquoted-src","images/wacker/pg2.gif"
"https://billsequipment.mydomain.com/wacker.htm","https://billsequipment.mydomain.com/images/wacker/pg3.gif","src","images/wacker/pg3.gif"
"https://billsequipment.mydomain.com/wacker.htm","https://billsequipment.mydomain.com/images/wacker/pt2h.gif","src","images/wacker/pt2h.gif"
"https://billsequipment.mydomain.com/wacker.htm","https://billsequipment.mydomain.com/images/wacker/pt3h.gif","unquoted-src","images/wacker/pt3h.gif"
"https://billsequipment.mydomain.com/wacker.htm","https://billsequipment.mydomain.com/images/wacker/pt6lt.gif","src","images/wacker/pt6lt.gif"
"https://billsequipment.mydomain.com/wacker.htm","https://billsequipment.mydomain.com/images/wacker/pts4v.gif","unquoted-src","images/wacker/pts4v.gif"
"https://billsequipment.mydomain.com/rollers.htm","https://billsequipment.mydomain.com/images/wacker/rd11a.gif","src","images/wacker/rd11a.gif"
"https://billsequipment.mydomain.com/wacker.htm","https://billsequipment.mydomain.com/images/wacker/rd25.gif","unquoted-src","images/wacker/rd25.gif"
"https://billsequipment.mydomain.com/wacker.htm","https://billsequipment.mydomain.com/images/wacker/rd7h.gif","unquoted-src","images/wacker/rd7h.gif"
"https://billsequipment.mydomain.com/wacker.htm","https://billsequipment.mydomain.com/images/wacker/submersible1.jpg","src","images/wacker/submersible1.jpg"
"https://billsequipment.mydomain.com/wacker.htm","https://billsequipment.mydomain.com/images/wacker/submersible1_large.jpg","href","images/wacker/submersible1_large.jpg"
"https://billsequipment.mydomain.com/wacker.htm","https://billsequipment.mydomain.com/images/wacker/vp150aw.gif","src","images/wacker/vp150aw.gif"
"https://billsequipment.mydomain.com/wacker.htm","https://billsequipment.mydomain.com/images/wacker/vp2050.gif","unquoted-src","images/wacker/vp2050.gif"
"https://billsequipment.mydomain.com/wacker.htm","https://billsequipment.mydomain.com/images/wacker/wb-16a.jpg","unquoted-src","images/wacker/wb-16a.jpg"
"https://billsequipment.mydomain.com/wacker.htm","https://billsequipment.mydomain.com/images/wacker/wetscreed.jpg","unquoted-src","images/wacker/wetscreed.jpg"
"https://billsequipment.mydomain.com/wacker.htm","https://billsequipment.mydomain.com/images/wacker/wetscreed_large.jpg","unquoted-href","images/wacker/wetscreed_large.jpg"
"https://billsequipment.mydomain.com/wacker.htm","https://billsequipment.mydomain.com/images/wacker/wp1550a.gif","src","images/wacker/wp1550a.gif"
"https://billsequipment.mydomain.com/williamhenry.htm","https://billsequipment.mydomain.com/images/williamhenry/t09-a.jpg","unquoted-src","images/williamhenry/t09-a.jpg"
"https://billsequipment.mydomain.com/williamhenry.htm","https://billsequipment.mydomain.com/images/williamhenry/t09-bt.jpg","src","images/williamhenry/t09-bt.jpg"
"https://billsequipment.mydomain.com/williamhenry.htm","https://billsequipment.mydomain.com/images/williamhenry/t09-p.jpg","src","images/williamhenry/t09-p.jpg"
"https://billsequipment.mydomain.com/williamhenry.htm","https://billsequipment.mydomain.com/images/williamhenry/t10-a.jpg","src","images/williamhenry/t10-a.jpg"
"https://billsequipment.mydomain.com/williamhenry.htm","https://billsequipment.mydomain.com/images/williamhenry/t10-bt.jpg","unquoted-src","images/williamhenry/t10-bt.jpg"
"https://billsequipment.mydomain.com/williamhenry.htm","https://billsequipment.mydomain.com/images/williamhenry/t10-p.jpg","unquoted-src","images/williamhenry/t10-p.jpg"
"https://billsequipment.mydomain.com/williamhenry.htm","https://billsequipment.mydomain.com/images/williamhenry/t12-a.jpg","unquoted-src","images/williamhenry/t12-a.jpg"
"https://billsequipment.mydomain.com/williamhenry.htm","https://billsequipment.mydomain.com/images/williamhenry/t12-bt.jpg","src","images/williamhenry/t12-bt.jpg"
"https://billsequipment.mydomain.com/williamhenry.htm","https://billsequipment.mydomain.com/images/williamhenry/t12-p.jpg","unquoted-src","images/williamhenry/t12-p.jpg"
"https://billsequipment.mydomain.com/tsurumi.htm","https://billsequipment.mydomain.com/index.htm","href","index.htm"
"https://billsequipment.mydomain.com/index.htm","https://billsequipment.mydomain.com/komatsu.htm","href","komatsu.htm"
"https://billsequipment.mydomain.com/productslist.htm","https://billsequipment.mydomain.com/kraft.htm","unquoted-href","kraft.htm"
"https://billsequipment.mydomain.com/index.htm","https://billsequipment.mydomain.com/kubota.htm","unquoted-href","kubota.htm"
"https://billsequipment.mydomain.com/index.htm","https://billsequipment.mydomain.com/linosella.htm","legacy-reference","linosella.htm"
"https://billsequipment.mydomain.com/index.htm","https://billsequipment.mydomain.com/lombardini.htm","unquoted-href","lombardini.htm"
"https://billsequipment.mydomain.com/index.htm","https://billsequipment.mydomain.com/makita.htm","unquoted-href","makita.htm"
"https://billsequipment.mydomain.com/productslist.htm","https://billsequipment.mydomain.com/mbw.htm","href","mbw.htm"
"https://billsequipment.mydomain.com/productslist.htm","https://billsequipment.mydomain.com/miller.htm","href","miller.htm"
"https://billsequipment.mydomain.com/productslist.htm","https://billsequipment.mydomain.com/milwaukee.htm","href","milwaukee.htm"
"https://billsequipment.mydomain.com/wacker_multiquip.html","https://billsequipment.mydomain.com/multiquip.htm","href","multiquip.htm"
"https://billsequipment.mydomain.com/productslist.htm","https://billsequipment.mydomain.com/nedcorp.htm","legacy-reference","nedcorp.htm"
"https://billsequipment.mydomain.com/productslist.htm","https://billsequipment.mydomain.com/orgill.htm","legacy-reference","orgill.htm"
"https://billsequipment.mydomain.com/productslist.htm","https://billsequipment.mydomain.com/oztec.htm","unquoted-href","oztec.htm"
"https://billsequipment.mydomain.com/productslist.htm","https://billsequipment.mydomain.com/oztec_wacker_light.html","unquoted-href","oztec_wacker_light.html"
"https://billsequipment.mydomain.com/index.htm","https://billsequipment.mydomain.com/powerland.htm","unquoted-href","powerland.htm"
"https://billsequipment.mydomain.com/productslist.htm","https://billsequipment.mydomain.com/pressure-pro.htm","href","pressure-pro.htm"
"https://billsequipment.mydomain.com/index.htm","https://billsequipment.mydomain.com/productslist.htm","unquoted-href","productslist.htm"
"https://billsequipment.mydomain.com/nedcorp.htm","https://billsequipment.mydomain.com/quoterequest.htm","unquoted-href","quoterequest.htm"
"https://billsequipment.mydomain.com/productslist.htm","https://billsequipment.mydomain.com/rebarcuttersbenders.htm","href","rebarcuttersbenders.htm"
"https://billsequipment.mydomain.com/productslist.htm","https://billsequipment.mydomain.com/robotoolz.htm","unquoted-href","robotoolz.htm"
"https://billsequipment.mydomain.com/productslist.htm","https://billsequipment.mydomain.com/rollers.htm","href","rollers.htm"
"https://billsequipment.mydomain.com/productslist.htm","https://billsequipment.mydomain.com/safetyequipment.htm","href","safetyequipment.htm"
"https://billsequipment.mydomain.com/productslist.htm","https://billsequipment.mydomain.com/scaffolding.htm","href","scaffolding.htm"
"https://billsequipment.mydomain.com/concretemixers.htm","https://billsequipment.mydomain.com/Scripts/AC_RunActiveContent.js","src","Scripts/AC_RunActiveContent.js"
"https://billsequipment.mydomain.com/index.htm","https://billsequipment.mydomain.com/sprayforce.htm","unquoted-href","sprayforce.htm"
"https://billsequipment.mydomain.com/productslist.htm","https://billsequipment.mydomain.com/stihl.htm","unquoted-href","stihl.htm"
"https://billsequipment.mydomain.com/concretemixers.htm","https://billsequipment.mydomain.com/stone.htm","legacy-reference","stone.htm"
"https://billsequipment.mydomain.com/productslist.htm","https://billsequipment.mydomain.com/sullair.htm","href","sullair.htm"
"https://billsequipment.mydomain.com/productslist.htm","https://billsequipment.mydomain.com/tsurumi.htm","unquoted-href","tsurumi.htm"
"https://billsequipment.mydomain.com/productslist.htm","https://billsequipment.mydomain.com/wacker.htm","legacy-reference","wacker.htm"
"https://billsequipment.mydomain.com/productslist.htm","https://billsequipment.mydomain.com/wacker_multiquip.html","unquoted-href","wacker_multiquip.html"
"https://billsequipment.mydomain.com/productslist.htm","https://billsequipment.mydomain.com/williamhenry.htm","href","williamhenry.htm"
"https://billsequipment.mydomain.com/hardwareshop.htm","https://billsequipment.mydomain.com/x.oSrc;","unquoted-src","x.oSrc;"
